city,id,name,name_original,coordinates,address,public_stops,theme,tops,image_url,description
Vienna,1,Vienna International Airport,Flughafen Wien Schwechat,"48.11999533863668, 16.561206804575896","1300 Schwechat, Austria","Vienna Airport (train, bus)",Transport system,,,"Vienna Airport is a railway station serving Vienna International Airport in Schwechat, Lower Austria, Austria. The train services are operated by ÖBB and Deutsche Bahn."
Vienna,2,Wien Hauptbahnhof,Wien Hbf,"48.18539113660961, 16.376414906603948","Am Hbf 1, 1100 Wien, Austria","Südtiroler Platz (subway), Hauptbahnhof S+U (tram, bus)",Transport system,,,"Südtiroler Platz-Hauptbahnhof  is a station on U1 of the Vienna U-Bahn. It is also served by lines S1, S2, S3, S60 and S80 of the Vienna S-Bahn."
Vienna,3,Vienna Central Bus Station VIB,Vienna International Busterminal,"48.19076175241831, 16.414215834796217","Erdbergstraße 200A, 1030 Wien, Austria","Erdberg (subway, bus)",Transport system,,,Erdberg is a station on U3 of the Vienna U-Bahn. It is located in the Landstraße District. It opened in 1991.
Vienna,4,City Airport Train CAT,City Airport Train CAT,"48.20720806002944, 16.38570514579979","Landstraßer Hauptstraße 1C, 1030 Wien, Austria",Marxergasse (tram),Transport system,,,"Wien Mitte is a rail and U-Bahn station in Vienna, close to the city centre. It is the city terminus of Vienna's City Airport Train (CAT), which provides non-stop service to Vienna International Airport. The station is a major hub for S-Bahn suburban trains, with little service by InterCity trains. The station is connected to the Landstraße U-Bahn station."
Vienna,5,Schönbrunn Palace,Schloss Schönbrunn,"48.18580790056263, 16.312761314476425","Schönbrunner Schloßstraße 47, 1130 Wien, Austria","Schloß Schönbrunn (tram, bus)",Historical Sites,5.0,,Café Restaurant Residenz is a classical Viennese coffee house which is located in the eastern wing of Schloss Schönbrunn in the 13th Viennese district.
Vienna,6,Belvedere Palace,Schloss Belvedere,"48.19146791894163, 16.380921467850207","1030 Vienna, Austria",Schloss Belvedere (tram),Historical Sites,5.0,,"Belvedere Palace Chapel is a chapel located in the south eastern corner tower of the Upper Belvedere in Vienna, Austria. It was designed by the Austrian architect Johann Lukas von Hildebrandt."
Vienna,7,Kunsthistorisches Museum Wien,Kunsthistorisches Museum Wien,"48.20380872183716, 16.36176593901545","Maria-Theresien-Platz, 1010 Wien, Austria","Museumsquartier (subwaym bus), Burgring (tram, bus)",Museums,5.0,,"The Kunsthistorisches Museum Wien is an art museum in Vienna, Austria. Housed in its festive palatial building on the Vienna Ring Road, it is crowned with an octagonal dome. The term Kunsthistorisches Museum applies to both the institution and the main building. It is the largest art museum in the country."
Vienna,8,St. Stephen's Cathedral,Domkirche St. Stephan,"48.20841852119409, 16.373470696686713","Stephansplatz 3, 1010 Wien, Austria","Stephansplatz (subway, bus)",Historical Sites,5.0,,"The Archdiocese of Vienna is a Latin Church archdiocese of the Catholic Church in Austria. It was established as the Diocese of Vienna on 18 January 1469 out of the Diocese of Passau, and elevated to an archdiocese on 1 June 1722. The episcopal see is situated in the cathedral of St. Stephen in Vienna."
Vienna,9,Hofburg,Hofburg,"48.20565777125108, 16.364780296686558","1010 Vienna, Austria","Burgring (tram, bus)",Historical Sites,5.0,,"The Ephesos Museum in Vienna displays antiquities from the city of Ephesus, in modern-day Turkey. Begun in the late 19th century, the collection includes original works of sculpture and architecture, and belongs to the Kunsthistorisches Museum."
Vienna,10,State Hall of the Austrian National Library,Prunksaal der Österreichischen Nationalbibliothek,"48.20624657076224, 16.36690602552201","Josefsplatz 1, 1010 Wien, Austria","Ring, Volkstheater U (tram, bus)",Historical Sites,10.0,,"Josefsplatz is a public square located at the Hofburg Palace in Vienna, Austria. Named after Emperor Joseph II, Josefsplatz is considered one of the finest courtyards in Vienna."
Vienna,11,Schönbrunn Zoo,Tiergarten Schönbrunn,"48.18211488571147, 16.30277376784962","Maxingstraße 13b, 1130 Wien, Austria","Dommayergasse (tram, bus)",Parks & Nature,10.0,,"The Palmenhaus Schönbrunn is a large greenhouse in Vienna, Austria featuring plants from around the world. It opened in 1882. It is the most prominent of the four greenhouses in Schönbrunn Palace Park, and is also among the largest botanical exhibits of its kind in the world, with around 4,500 plant species."
Vienna,12,Prater,Prater,"48.21546477125218, 16.400173896687157","1020 Vienna, Austria","Messe – Prater (subway, bus)",Point of interest,10.0,,public park in Vienna
Vienna,13,Albertina,Albertina,"48.204699171250944, 16.368182396686482","Albertinapl. 1, 1010 Wien, Austria","Oper, Karlsplatz (tram, bus)",Historical Sites,10.0,,"The Albertina is a museum in the Innere Stadt of Vienna, Austria. It houses one of the largest and most important print rooms in the world with approximately 65,000 drawings and approximately 1 million old master prints, as well as more modern graphic works, photographs and architectural drawings. Apart from the graphics collection the museum has acquired, on permanent loan, two significant collections of Impressionist and early 20th-century art, some of which are on permanent display. The museum also houses temporary exhibitions. The museum had 1,037,347 visitors in 2025, down 3 percent from 2024, but up 4% from 2019, before the COVID-19 pandemic. It ranked 74th in the list of most-visited art museums in the world."
Vienna,14,Natural History Museum Vienna,Naturhistorisches Museum Wien,"48.205197670469346, 16.359845096686502","Burgring 7, 1010 Wien, Austria","Volkstheater (subway, tram, bus)",Museums,10.0,,"The Natural History Museum Vienna is a large natural history museum located in Vienna, Austria."
Vienna,15,Vienna State Opera,Wiener Staatsoper,"48.203430571250784, 16.36919266785087","Opernring 2, 1010 Wien, Austria","Oper, Karlsplatz (tram, bus)",Culture,15.0,,"Hotel Sacher is a five-star luxury hotel in Vienna, Austria, facing the Vienna State Opera in the city's central Innere Stadt district. It is famous for the specialty of the house, the Original Sachertorte, a chocolate cake with apricot filling. There is also an art gallery in the hotel, with works from the 19th century. The hotel is located near the former residence of Antonio Vivaldi. Hotel Sacher is a member of The Leading Hotels of the World, a marketing network."
Vienna,16,Hundertwasser House,Hundertwasser House,"48.20733697125128, 16.394283367851195","Kegelgasse 36-38, 1030 Wien, Austria","Löwengasse (tram, bus)",Point of interest,15.0,,"The Hundertwasserhaus is an apartment house in Vienna, Austria, completed in 1985, after the idea and concept of Austrian artist Friedensreich Hundertwasser."
Vienna,17,Schönbrunn Palace Park,Schlosspark Schönbrunn,"48.18026257124816, 16.30980859668492","Schönbrunner Schloßstraße 47, 1130 Wien, Austria","Schönbrunn (subway, bus)",Parks & Nature,15.0,,"The sculptures in the Schönbrunn Garden at Schönbrunn Palace in Vienna, Austria were created between 1773 and 1780 under the direction of Johann Wilhelm Beyer, a German artist and garden designer. The Great Parterre of Schönbrunn Garden is lined on both sides with 32 over life-size sculptures that represent mythological deities and virtues. The Neptune Fountain at the foot of the Gloriette hill is the crowning monument of the Great Parterre. Other sculptures are distributed throughout the garden and palace forecourt, including fountains and pools. Several sculptors were employed during the execution of these works, among them Johann Baptist Hagenauer."
Vienna,18,Stephansplatz,Stephansplatz,"48.20874052114914, 16.373676496686716","1010 Vienna, Austria","Stephansplatz (subway, bus)",Old Town,15.0,,"
The Pummerin (""boomer"") or Marienglocke is the bourdon bell in the Stephansdom, St. Stephen's Cathedral, in Vienna."
Vienna,19,Leopold Museum,Leopold Museum,"48.20265702199784, 16.359120639015384","Museumsplatz 1, 1070 Wien, Austria","Museumsquartier (subway, bus)",Museums,15.0,,"The Leopold Museum is a modern art museum housed in the Museumsquartier in Vienna, Austria. It was founded in 2001 by art collector Rudolf Leopold. It is home to one of the largest collections of modern Austrian art, featuring artists such as Egon Schiele, Gustav Klimt, Oskar Kokoschka, and Richard Gerstl. It contains the world's largest Egon Schiele Collection."
Vienna,20,Vienna City Hall,Das Wiener Rathaus,"48.21096282166522, 16.35661733901592","Friedrich-Schmidt-Platz 1, 1010 Wien, Austria","Rathaus (subway, bus)",Old Town,20.0,,"The Vienna City Hall is the town hall of Vienna, Austria, located in the Innere Stadt on the Rathausplatz, off the Ringstrasse. The Gothic Revival building was designed by Friedrich von Schmidt and constructed between 1872 and 1883. It houses the offices of the Mayor of Vienna, as well as the city and state government."
Vienna,21,Sisi Museum,Sisi Museum,"48.20768357116355, 16.365937996686604","Michaelerkuppel, 1010 Wien, Austria","Herrengasse (subway), Habsburgergasse (bus)",Museums,20.0,,"The Spanish Riding School is an Austrian institution based in Vienna, dedicated to the preservation of classical dressage and the training of Lipizzaner horses, whose performances in the Hofburg are also a tourist attraction. The leading horses and riders of the school also periodically tour and perform worldwide. It is one of the ""Big Four"", the most prestigious classical riding academies in the world, alongside the Cadre Noir, the Portuguese School of Equestrian Art, and the Royal Andalusian School."
Vienna,22,St. Peter's Church,Peterskirche,"48.20941267164668, 16.369943596686728","Peterspl., 1010 Wien, Austria","Stephansplatz (subway, bus)",Old Town,20.0,,"The Innere Stadt is the 1st municipal district of Vienna located in the center of the Austrian capital. The Innere Stadt is the old town of Vienna. Until the city boundaries were expanded in 1850, the Innere Stadt was congruent with the city of Vienna. Traditionally it was divided into four quarters, which were designated after important town gates: Stubenviertel (northeast), Kärntner Viertel (southeast), Widmerviertel (southwest), Schottenviertel (northwest)."
Vienna,23,Haus des Meeres (House of the Sea),Haus des Meeres (House of the Sea),"48.19764536835984, 16.35288044483776","Fritz-Grünbaum-Platz 1, 1060 Wien, Austria","Neubaugasse (subway, bus), Haus des Meeres (bus)",Point of interest,20.0,,"The Haus des Meeres is a public aquarium in Vienna, Austria. It is located in Esterhazy Park in the centre of Mariahilf district, one block south of the busy Mariahilfer Straße. The Haus des Meeres houses over ten thousand aquatic beings on an area of around 4,000 square meters (43,000 sq ft) inside a tall concrete flak tower built during World War II. In 2012 the Haus des Meeres attracted a record high of 650,000 visitors. The Haus des Meeres is managed by Aqua Terra Zoo, a private non-profit organization which, according to its web site, receives only marginal financial support from municipal authorities. However, the maintenance costs for the former flak tower are paid by the taxpayer."
Vienna,24,Naschmarkt,Naschmarkt,"48.19862492256018, 16.363638667850584","1010 Vienna, Austria",Bärenmühldurchgang (bus),Markets,20.0,,"The Naschmarkt is a popular fruit and vegetable market in Vienna. Located at the Wienzeile over the Wien River, it is about 1.5 kilometres (0.93 mi) long. Originally known as Aschenmarkt, it started to be called the Naschmarkt around 1820."
Vienna,25,MuseumsQuartier Wien,MuseumsQuartier Wien,"48.203344021901906, 16.358616596686364","1070 Vienna, Austria","Volkstheater (subway, tram, bus)",Museums,25.0,,"The MuseumsQuartier Wien (MQ) is an arts and culture complex in the 7th district of Vienna, Austria. Opened in 2001 on the site of the former imperial court stables, it combines historic Baroque buildings with contemporary museum architecture. With 114,310 square metres of space, 61 cultural institutions and around five million visitors annually, it is one of the largest arts and culture complexes in Europe."
Vienna,26,Rathausplatz,Rathausplatz,"48.210631271987026, 16.3587446678514","Rathauspl., 1010 Wien, Austria","Rathausplatz, Burgtheater (tram)",Old Town,25.0,,"The Rathausplatz is a square in Vienna's first district, the Innere Stadt, in front of the Rathaus. It is surrounded by the Rathauspark and the Ringstrasse."
Vienna,27,Imperial Treasury,Kaiserliche Schatzkammer,"48.206760721776625, 16.365730081344736","Schweizerhof, Hofburg, 1010 Wien, Austria","Stephansplatz (subway), Habsburgergasse (bus)",Museums,25.0,,"The Imperial Sword is one of the four most important parts of the Imperial Regalia (Reichskleinodien) of the Holy Roman Empire. During a coronation, it was given to the emperor along with the Imperial Crown (Reichskrone), Imperial Sceptre (Reichszepter), and the Imperial Orb (Reichsapfel). All four parts of the Imperial Regalia are displayed in the Imperial Treasury at the Hofburg Palace in Vienna, Austria. It is also known as Mauritiusschwert, or the sword of Saint Maurice."
Vienna,28,Graben & Kohlmarkt,Graben & Kohlmarkt,"48.20949607083695, 16.368509939015784","1010 Vienna, Austria","Herrengasse (subway), Graben, Petersplatz (bus)",Markets,25.0,,"The Peterskirche is a Baroque Roman Catholic parish church in Vienna, Austria. It was transferred in 1970 by the Archbishop of Vienna Franz Cardinal König to the priests of the Opus Dei."
Vienna,29,Imperial Crypt,Kaisergruft,"48.205736022205805, 16.370035225522003","Tegetthoffstraße 2, 1010 Wien, Austria",Plankengasse (bus),Museums,25.0,,"The Imperial Crypt, also called the Capuchin Crypt (Kapuzinergruft), is a burial chamber beneath the Capuchin Church and monastery in Vienna, Austria. It was founded in 1618 and dedicated in 1632, and located on the Neuer Markt square of the Innere Stadt, near the Hofburg Palace. Since 1633, the Imperial Crypt has served as the principal place of entombment for the members of the House of Habsburg. The bones of 145 Habsburg royalty, plus urns containing the hearts or cremated remains of four others, are here, including 12 emperors and 18 empresses. The visible 107 metal sarcophagi and five heart urns range in style from puritan plain to exuberant rococo. Some of the dozen resident Capuchin friars continue their customary role as the guardians and caretakers of the crypt, along with their other pastoral work in Vienna. The most recent entombment was in 2023."
Vienna,30,Kunst Haus Wien. Museum,Hundertwasser,"48.21106882168007, 16.393275367851484","Untere Weißgerberstraße 13, 1030 Wien, Austria","Radetzkyplatz (tram, bus)",Museums,30.0,,"The KunstHausWien is a museum in Vienna, designed by the artist Friedensreich Hundertwasser. This museum in the Landstraße district houses the world's only permanent exhibition of Hundertwasser's works, and also hosts regular temporary exhibitions of other artists. The KunstHausWien operates as a private business and does not receive any government aid. In 2009 the KunstHausWien received 174,000 visitors."
Vienna,31,Central Cemetery,Wiener Zentralfriedhof,"48.15110815536747, 16.43843609668312","Simmeringer Hauptstraße 234, 1110 Wien, Austria",Zentralfriedhof 2.Tor (tram),Point of interest,30.0,,"
St. Charles Borromeo Cemetery Church is a Roman Catholic church in the Vienna Central Cemetery in the 11th district, Simmering. It was constructed from 1908 to 1911 to designs by the architect Max Hegele. The church is a listed building."
Vienna,32,    See photos House of Music,Haus der Musik,"48.20387427125089, 16.373046196686467","Seilerstätte 30, 1010 Wien, Austria","Schwarzenbergplatz (tram, bus)",Museums,30.0,,"The Haus der Musik in Vienna opened in 2000, and is the first museum of sound and music in Austria. Across an exhibition space of 54,000 sq. ft., a range of hi-tech interactive and multimedia presentations introduce the world of music, from the earliest human use of instruments to the music of the present day."
Vienna,33,Musikverein Wien,Musikverein Wien,"48.20055453801913, 16.3723641414192","Musikvereinspl. 1, 1010 Wien, Austria","Karlsplatz (subway, trma, bus)",Culture,30.0,,"The Wiener Musikverein, commonly shortened to Musikverein, is a concert hall in Vienna, Austria, which is located in the Innere Stadt district. During the 1863 construction of the Vienna Ring Road (Ringstraße) a piece of land for a new concert hall was granted to the Society of Friends of Music in Vienna by Emperor Franz Joseph I of Austria. Designed by Danish-born architect Theophil Hansen, the concert hall has housed the Vienna Philharmonic since its opening in 1870."
Vienna,34,Volksgarten,Volksgarten,"48.2080510212454, 16.361375239015715","1010 Vienna, Austria","Herrengasse (subway), Parlament (tram)",Parks & Nature,30.0,,"The Volksgarten is a public park in the Innere Stadt, the first district of Vienna, Austria. Opened in 1823, it was Vienna's first public park."
Vienna,35,Museum of Military History,Heeresgeschichtliches Museum,"48.184278924560935, 16.388957154356092","Arsenal 1, 1030 Wien, Austria","Heinrich Drimmel Platz (tram), Arsenal (bus)",Museums,35.0,,"The Museum of Military History – Military History Institute in Vienna is the leading museum of the Austrian Armed Forces. It documents the history of Austrian military affairs through a wide range of exhibits comprising, above all, weapons, armours, tanks, aeroplanes, uniforms, flags, paintings, medals and badges of honour, photographs, battleship models, and documents. Although the museum is owned by the Federal Government, it is not affiliated with the Federal museums but is organised as a subordinate agency reporting directly to the Ministry of Defence and Sports."
Vienna,36,St. Charles's Church,Karlskirche,"48.1985482686121, 16.37168916785064","Karlskirche, Karlsplatz 10, 1040 Wien, Austria","Karlsplatz (subway, trma, bus)",Historical Sites,35.0,,"The Karlskirche is a Baroque church in the Karlsplatz in Vienna, Austria. The church is dedicated to Saint Charles Borromeo, a leading figure of the Counter-Reformation. The church is located on the border of Wieden and the Innere Stadt, the city centre."
Vienna,37,Ringstraßen Galerien,Ringstraßen Galerien,"48.202128820430964, 16.372806267850926","Kärntner Ring 5-7, 1010 Wien, Austria","Karlsplatz (subway, tram, bus)",Shopping & Services,35.0,,"Café Schwarzenberg is a traditional Viennese coffee house, located on the Ringstraße boulevard near Schwarzenbergplatz in the central Innere Stadt district of Vienna, Austria. Unlike many other traditional Viennese coffeehouses, the Cafe Schwarzenberg did not cater to a clientele of artists and intellectuals. The interior is notable for having remained largely unchanged since it was opened in the 19th century."
Vienna,38,Therme Wien,Therme Wien,"48.14280421214651, 16.401200239011665","Kurbadstraße 14, 1100 Wien, Austria","Oberlaa (subway, bus)",SPA & Wellness,35.0,,"Oberlaa is a station on Line U1 of the Vienna U-Bahn. Since September 2, 2017, it has been the new southern terminus of the U1, which had its terminus at Reumannplatz since 1978. Oberlaa station is located in the south of Vienna's 10th district directly at the entrance to the Therme Wien. To the north of the station is the Kurpark Oberlaa, to the south is the Donauländebahn; beyond the railway is the historical center of the district of Oberlaa."
Vienna,39,Danube Tower,Donauturm,"48.240353962222166, 16.41006122552414","Donauturmplatz 1, 1220 Wien, Austria",Donauturm (bus),Point of interest,35.0,,"The Donauturm is a tower located in the Donaupark, Vienna, Austria. Opened in April 1964, it is the tallest structure in Austria, standing at 252 meters, and ranks as the 61st tallest tower in the world."
Vienna,40,Votive Church,Votivkirche,"48.21540117125217, 16.35907136785168","Rooseveltplatz, 1090 Wien, Austria","Schottentor (subway, tram, bus)",Historical Sites,40.0,,"The Votivkirche is a neo-Gothic style church located on the Ringstraße in Vienna, Austria. Following the attempted assassination of Emperor Franz Joseph in 1853, the Emperor's brother Archduke Ferdinand Maximilian inaugurated a campaign to create a church to thank God for saving the Emperor's life. Funds for construction were solicited from throughout the Empire. The church was dedicated in 1879 on the silver anniversary of Emperor Franz Joseph and his wife Empress Elisabeth."
Vienna,41,Vienna Museum of Science & Technology,Technisches Museum Wien mit Österreichischer Mediathek,"48.190410776163326, 16.31778646785005","Mariahilfer Str. 212, 1140 Wien, Austria","Penzinger Straße (tram, bus)",Museums,40.0,,"The Vienna Museum of Science and Technology is a museum in Penzing, Vienna, Austria, on Mariahilfer Straße. The museum showcases the history and development of technology, industry, and science, with a focus on Austrian involvement. It houses numerous historical models, such as those from the fields of rail transport, shipbuilding, aviation, and industry, as well as one of the largest collections of historical musical instruments in Austria."
Vienna,42,Vienna Christmas Market walking,Wiener Christkindlmarkt,"48.210583270533675, 16.359918967851385","Rathauspl. 1010, 1010 Wien, Austria","Rathausplatz, Burgtheater (tram, bus)",Markets,40.0,,"The Union of Public Services, is a trade union representing public service workers in Austria."
Vienna,43,Westfield Donau Zentrum,Westfield Donau Zentrum,"48.24204086959111, 16.435965298259266","Wagramer Str. 94, 1220 Wien, Austria","Kagran (subway), Siebeckstraße (tram, bus)",Shopping & Services,40.0,,"The Westfield Donau Zentrum is a shopping center in Vienna's 22nd district, Donaustadt. With the Kitchen restaurant area connected to the center, it is the largest shopping center and entertainment center in Vienna."
Vienna,44,Stadtpark,Stadtpark,"48.20472632079381, 16.379660096686496","Parkring 1, 1010 Wien, Austria","Stadtpark (subway), Weihburggasse (tram)",Parks & Nature,40.0,,"The Stadtpark in Vienna, Austria is a large municipal park that extends from the Ringstraße in the Innere Stadt first district up to the Heumarkt in the Landstraße third district. The park is divided in two sections by the Wienfluss, and has a total surface area of 65,000 square metres. Scattered throughout the park are statues of famous Viennese artists, writers, and composers, including Hans Canon, Emil Jakob Schindler, Johann Strauss II, Franz Schubert, and Anton Bruckner. The opulent Kursalon building on Johannesgasse, with its broad terrace that reaches into the park, is the site of popular waltz concerts."
Vienna,45,Austrian Parliament,Parlament Österreich,"48.20808282124101, 16.35844679668666","Dr.-Karl-Renner-Ring 3, 1010 Wien, Austria",Parlament (tram),Historical Sites,40.0,,"The Austrian Parliament Building in Vienna is the meeting place of the two houses of the Austrian Parliament. The building is located on the Ringstraße in the first district, Innere Stadt, near Hofburg Palace and the Palace of Justice. It was built to house the two chambers of the Imperial Council (Reichsrat), the bicameral legislature of the Cisleithanian (Austrian) part of the Austro-Hungarian Empire. Since its construction, the Parliament Building has been the seat of these two houses, and their successors—the National Council (Nationalrat) and the Federal Council (Bundesrat)—of the Austrian legislature."
Vienna,46,Mariahilfer Str.,Mariahilfer Str.,"48.19509891944885, 16.33744133901499","Vienna, Austria","Westbahnhof (subway, tram, bus)",Shopping & Services,40.0,,"The Museum of Contraception and Abortion is a museum in Vienna, Austria, founded by gynaecologist Christian Fiala in 2003. It details historic forms of birth control and was created to encourage contraceptive use and family planning techniques."
Vienna,47,Jesuit Church (University church),Jesuitenkirche – Universitätskirche,"48.20907222110297, 16.377626525522206","Doktor-Ignaz-Seipel-Platz 1, 1010 Wien, Austria","Stubentor (subway, tram, bus)",Historical Sites,40.0,,"The Jesuit Church, also known as the University Church, is a two-floor, double-tower church in Vienna, Austria. Influenced by early Baroque principles, the church was remodeled by Andrea Pozzo between 1703 and 1705. The Jesuit Church is located on Dr. Ignaz Seipel-Platz, immediately adjacent to the old University of Vienna buildings."
Vienna,48,Sigmund Freud Museum,Sigmund Freud Museum,"48.218634319768974, 16.363054439016384","Berggasse 19, 1090 Wien, Austria","Schlickgasse (tram, bus)",Museums,40.0,,"The Sigmund Freud Museum in Vienna is a museum founded in 1971 covering Sigmund Freud's life story. It is located in the Alsergrund district, at Berggasse 19. In 2003, the museum was put in the hands of the newly established Sigmund Freud Foundation, which has since received the entire building as an endowment. It also covers the history of psychoanalysis."
Vienna,49,Kärntner Str.,Kärntner Str.,"48.20438892175617, 16.370608625521903","Kärntner Str., 1010 Wien, Austria","Oper, Karlsplatz (tram, bus)",Shopping & Services,40.0,,"Palais Esterházy is a Baroque-style palace in Vienna, Austria, owned by the noble Esterházy family. It houses a Casinos Austria gaming establishment known as Casino Wien. There is also a Wempe boutique on the ground floor."
Vienna,50,Wien Museum Karlsplatz,Wien Museum Karlsplatz,"48.19942266885621, 16.37295999668612","Karlsplatz (subway, tram, bus)","Karlsplatz (subway, tram, bus)",Museums,50.0,,"The Vienna Museum is a group of museums in Vienna consisting of the museums of the history of the city. In addition to the main building in Karlsplatz, the group includes some locations, numerous specialised museums, musicians' residences and archaeological excavations."
Vienna,51,Viennese Giant Ferris Wheel,Wiener Riesenrad,"48.21669751036951, 16.39588667737093","Gaudeegasse 1, 1020 Wien, Austria","Praterstern (subway, tram, bus)",Point of interest,50.0,,"The Wiener Riesenrad, or simply Riesenrad, is a 64.75-metre (212 ft) tall Ferris wheel at the entrance of the Prater amusement park in Leopoldstadt, the 2nd district of Austria's capital Vienna. It is one of Vienna's most popular tourist attractions, and symbolises the district as well as the city for many people. Constructed in 1897, it was the world's tallest extant Ferris wheel from 1920 until 1985."
Vienna,52,Donauinsel,Donauinsel,"48.23009247777248, 16.408104910037753","Donauinsel, 1220 Wien, Austria","Donauinsel (subway, bus)",Parks & Nature,50.0,,"Donauinsel is a station on U1 of the Vienna U-Bahn. It is located on Donauinsel Island, in the Donaustadt district. It opened in 1982. The station is below the Reichsbrücke bridge."
Vienna,53,Ankeruhr Clock,Ankeruhr Clock,"48.21063585865986, 16.373576996686868","1010 Vienna, Austria",Hoher Markt (bus),Historical Sites,50.0,,"Palais Arnstein was a palace in Vienna, Austria. The building was constructed from 1794 to 1796 by the merchant Franz Natorp. The Jewish noble Nathan Adam von Arnstein rented the palace, since Jews were not allowed to own property in the city."
Vienna,54,Burggarten,Burggarten,"48.20435247227264, 16.365822867850927","Josefsplatz 1, 1010 Wien, Austria","Burgring (tram, bus)",Parks & Nature,50.0,,"The Burggarten is a public park in the Innere Stadt, the first district of Vienna, Austria. The park was built for the royal family after the destruction of the city fortifications by Napoleon."
Vienna,55,Wiener Royal Orchester,Wiener Royal Orchester,"48.19976847125047, 16.37587599668618","House of Industry, Schwarzenbergpl. 4, 1030 Wien, Austria","Schwarzenbergplatz (tram, bus)",Culture,50.0,,"The Vienna Spring Festival is an annual classical music festival in Vienna. Founded in 1992, the festival is held in April and May at the Konzerthaus and other venues in Vienna."
Vienna,56,Karlsplatz,Karlsplatz,"48.20021184300367, 16.37086905857062","Vienna, Austria","Karlsplatz (subway, tram, bus)",Parks & Nature,50.0,,"Karlsplatz Stadtbahn Station is a former station of the Viennese Stadtbahn. The buildings above ground on Karlsplatz are a well-known example of Jugendstil architecture. These buildings were included in The Vienna Secession, as they followed many of the artistic styles of that movement. They were designed by Otto Wagner, adviser to the Transport Commission in Vienna, and Joseph Maria Olbrich and are, unlike the other Stadtbahn stations, made of a steel framework with marble slabs mounted on the exterior. These stations allowed Otto Wagner to achieve his goal of creating two modern axes of architecture in a city that was becoming one of the most modern cities of its time. These buildings went on to become the most modern monument of the modern city.
Architectural critic and poet Friedrich Achleitner commented on the Stadtbahn stations as follows ""...In these two station buildings Wagner reached a highpoint of his dialectic between function and poetry, construction and decoration, whereby a severe rationalism engages in competition with an almost Secessionist kind of decoration."" "
Vienna,57,"Augustinian Church, Vienna",Pfarrkirche St. Augustin,"48.205899421545446, 16.36764839668652","Augustinerstraße 3, 1010 Wien, Austria",Albertinaplatz (bus),Historical Sites,50.0,,"The Herzgruft is a burial chamber that protects 54 urns containing the hearts of members of the House of Habsburg. The crypt is located behind the Loreto Chapel in the Augustinian Church within the Hofburg Palace complex in Vienna, Austria."
Vienna,58,Museum der Illusionen,Museum der Illusionen,"48.20968512055214, 16.367058239015833","Wallnerstraße 4, 1010 Wien, Austria",Herrengasse (subway),Museums,50.0,,"Palais Esterházy is a Baroque-style palace in Vienna, Austria, owned by the noble Esterházy family. It houses a well-known restaurant called the Esterházykeller in the former wine cellars. It is also the location of the Viennese branch of the Museum of Illusions franchise."
Vienna,59,Schloss Schönbrunn Orchester,Schloss Schönbrunn Orchester,"48.20428742177033, 16.371551339015475","Annagasse 6, 1010 Wien, Austria","Oper, Karlsplatz (tram, bus)",Culture,50.0,,"St. Anne's Church is located in Vienna, Austria, and has been administered by the Oblates of St. Francis de Sales since 1906. A relic of Saint Anne—her right hand—is kept in a rich Baroque setting and exhibited every year on July 26."
Vienna,60,University of Vienna Botanical Garden,Botanischer Garten der Universität Wien,"48.191692528085206, 16.383957167850127","Rennweg 14, 1030 Wien, Austria",Kölblgasse (tram),Parks & Nature,60.0,,"The Botanical Garden of the University of Vienna is a botanical garden in Vienna, Austria. It covers 8 hectares and is immediately adjacent to the Belvedere gardens. It is a part of the University of Vienna."
Vienna,61,Twin City Liner,Twin City Liner,"48.212104420679886, 16.37774953901601","Schiffstation Wien City Franz-Josefs-Kai Schwedenplatz 2, 1010 Wien, Austria","Schwedenplatz (subway, tram, bus)",Waterfronts & Beaches,60.0,,Schwedenplatz is a station on U1 and U4 of the Vienna U-Bahn. It is located at the Schwedenplatz square in the Innere Stadt District. It opened in 1979. It used to be known as Stadtbahn.
Vienna,62,Palm House,Palmenhaus Schoenbrunn,"48.184214071248704, 16.302891867849688","Schönbrunn Palace Park, 1130 Wien, Austria","Hietzing (subway, tram), Dommayergasse (tram, bus)",Parks & Nature,60.0,,"The Palmenhaus Schönbrunn is a large greenhouse in Vienna, Austria featuring plants from around the world. It opened in 1882. It is the most prominent of the four greenhouses in Schönbrunn Palace Park, and is also among the largest botanical exhibits of its kind in the world, with around 4,500 plant species."
Vienna,63,Maria Theresa Memorial,Maria-Theresien-Denkmal,"48.204514968357984, 16.360770937108715","Maria-Theresien-Platz, 1010 Wien, Austria","Volkstheater (subway, tram, bus)",Historical Sites,60.0,,"Maria-Theresien-Platz is a large public square in Vienna, Austria, that joins the Ringstraße with the Museumsquartier, a museum of modern arts located in the former Imperial Stables. Facing each other from the sides of the square are two near identical buildings, the Naturhistorisches Museum and the Kunsthistorisches Museum. The buildings are near identical, except for the statuary on their façades. The Naturhistorisches' façade has statues depicting personifications of Africa, Asia, Europe, and the Americas. The Kunsthistorisches façade features famous European artists, such as the Dutch Bruegel, among others."
Vienna,64,Madame Tussauds Vienna, Madame Tussauds Wien,"48.217464068612905, 16.39647599668726","Riesenradpl. 5, 1020 Wien, Austria",Wien Praterstern (tram),Museums,60.0,,"Madame Tussauds Vienna is a wax museum and tourist attraction located at the famous amusement park Wiener Prater in Vienna, Austria. It was founded by Marie Tussaud and is the twelfth location for the Tussauds franchise. It officially opened on 1 April 2011 by the former Austrian president Heinz Fischer. So far, it features more than 90 figures on three floors. Madame Tussauds is now owned and operated by the United Kingdom-based entertainment company Merlin Entertainments."
Vienna,65,Volksoper Wien,Volksoper Wien,"48.22446941895479, 16.35010659668772","Währinger Str. 78, 1090 Wien, Austria","Währinger Straße-Volksoper (subway, tram, bus)",Culture,60.0,,"The Vienna Volksoper is an opera house in Vienna, Austria. It produces three hundred performances of twenty-five productions of opera, operetta, musicals, and ballet, during an annual season which runs from September through June."
Vienna,66,Museum of Applied Arts,MAK - Museum für angewandte Kunst,"48.207636221410084, 16.381536867851135","Stubenring 5, 1010 Wien, Austria","Stubentor (subway, tram, bus)",Museums,60.0,,"The MAK – Museum of Applied Arts is an arts and crafts museum located at Stubenring 5 in Vienna's 1st district Innere Stadt. Besides its traditional orientation towards arts and crafts and design, the museum especially focuses on architecture and contemporary art. The museum has been at its current location since 1871. Since 2004 the building is illuminated in the evenings by the permanent outdoor installation ""MAKlite"" of American artist James Turrell. In 2015 the MAK became the first museum to use bitcoin to acquire art, when it purchased the screensaver ""Event listeners"" of van den Dorpel. With over 300,000 objects displayed online, the MAK presents the largest online collection within the Austrian Federal Museums. The audio guide to this museum is provided as a web-based app."
Vienna,67,Schmetterlinghaus,Schmetterlinghaus,"48.2054795208991, 16.36635388134471","Hofburg, Burggarten Palmenhaus, Schmetterlinghaus, 1010 Wien, Austria","Burgring (tram, bus)",Parks & Nature,60.0,,"Nature Studies is an album or codex containing 170 drawings dating principally from the 16th century made by various artists. The drawings are naturalistic depictions of plants, birds, animals, insects, fish and landscape vedute. The album was compiled in the beginning of the 17th century and was originally in the collection of the Holy Roman Emperor Rudolf II. It is currently in the collection of the National Library of Austria in Vienna."
Vienna,68,Spittelberg Christmas Market,Weihnachtsmarkt am Spittelberg,"48.202855374134266, 16.355784967850944","Spittelberggasse 20/1, 1070 Wien, Austria",Stiftgasse (tram),Markets,60.0,,"Mumok, officially the Museum moderner Kunst Stiftung Ludwig Wien, is a museum in the Museumsquartier in Vienna, Austria."
Vienna,69,Wiener Konzerthaus,Wiener Konzerthaus,"48.20088442224506, 16.377340325521725","Lothringerstraße 20, 1030 Wien, Austria","Schwarzenbergplatz (tram), Akademietheater (bus)",Culture,60.0,,"The Vienna Spring Festival is an annual classical music festival in Vienna. Founded in 1992, the festival is held in April and May at the Konzerthaus and other venues in Vienna."
Vienna,70,Column of Pest,Wiener Pestsäule,"48.20872902115083, 16.369807296686723","Graben 28, 1010 Wien, Austria",Stephansplatz (subway),Historical Sites,70.0,,"The Plague Column, or Trinity Column, is a Holy Trinity column located on the Graben, a street in the inner city of Vienna, Austria. Erected after the Great Plague epidemic in 1679, the Baroque memorial is one of the best known and most prominent sculptural artworks in the city. Christine M. Boeckl, author of Images of Plague and Pestilence, calls it ""one of the most ambitious and innovative sculptural ensembles created anywhere in Europe in the post-Bernini era."""
Vienna,71,Hofburg,Hofburg,"48.205650620922924, 16.364758839015625","1010 Vienna, Austria","Burgring (tram, bus)",Historical Sites,70.0,,"The Ephesos Museum in Vienna displays antiquities from the city of Ephesus, in modern-day Turkey. Begun in the late 19th century, the collection includes original works of sculpture and architecture, and belongs to the Kunsthistorisches Museum."
Vienna,72,Schokoladenmuseum Wien,Schokoladenmuseum Wien,"48.1890661765384, 16.35100723901455","Schönbrunner Str. 99, 1050 Wien, Austria",Reinprechtsdorfer Brücke (bus),Museums,70.0,,"Margareten is the fifth district of Vienna. It is near the old town of Vienna and was separated from the fourth district in 1861. Margareten is a residential urban area, with over 25,000 inhabitants per km2, one of the most densely populated districts in Vienna. The district is named after Margaret of Antioch."
Vienna,73,Imperial Carriage Museum Vienna,Kaiserliche Wagenburg,"48.186527837444025, 16.308849853063702","Wagenburg Museum of Carriages at Schönbrunn Palace, 1130, Wien, Austria","Hietzing (subway, tram), Dommayergasse (tram, bus)",Museums,70.0,,"The Imperial Carriage Museum is a museum of carriages and vehicles used by the imperial household of the Holy Roman Empire, the Austrian Empire and Austria-Hungary. It is housed in the grounds of the Schloss Schönbrunn in the Hietzing district of Vienna and is a department of the Kunsthistorisches Museum."
Vienna,74,Palais Daun-Kinsky,Palais Daun-Kinsky,"48.21169457228408, 16.364248596686913","Freyung 4, 1010 Wien, Austria","Schottentor (subway, tram, bus)",Historical Sites,70.0,,"Palais Kinsky is a Baroque palace in central Vienna, Austria. It was originally built for Count Wirich Philipp von Daun, the garrison commander whose son Leopold became a Field Marshal of Empress Maria Theresa. The palace was later bought by the Kinsky family of Bohemia, and it is sometimes called the Palais Daun-Kinsky."
Vienna,75,Michaelerplatz,Michaelerplatz,"48.20819597119989, 16.366627067851155","1010 Vienna, Austria","Herrengasse (subway), Habsburgergasse (bus)",Historical Sites,70.0,,"The Looshaus is a commercial and residential building at Michaelerplatz 3, between Herrengasse and Kohlmarkt, in Vienna. Designed by Adolf Loos and completed in 1912, it is considered a major building of Viennese Modernism."
Vienna,76,St. Charles's Church,Karlskirche,"48.1985840252002, 16.37168916785064","Karlskirche, Karlsplatz 10, 1040 Wien, Austria","Karlsplatz (subway, tram, bus)",Historical Sites,70.0,,"The Karlskirche is a Baroque church in the Karlsplatz in Vienna, Austria. The church is dedicated to Saint Charles Borromeo, a leading figure of the Counter-Reformation. The church is located on the border of Wieden and the Innere Stadt, the city centre."
Vienna,77,Strandbad Alte Donau,Strandbad Alte Donau,"48.242201052161384, 16.416874354359706","Arbeiterstrandbadstraße 91, 1220 Wien, Austria",Donaupark Nord (bus),Parks & Nature,70.0,,"The Donaupark is a 630,000 m2 park in Donaustadt, Vienna, Austria. Originally built on former wetlands between the New Danube and the Old Danube in Kaisermühlen, it was created for the 1964 Vienna International Garden Show and now sits adjacent to the UNO-City."
Vienna,78,Kettenbrückengasse flea market,Kettenbrückengasse flea market,"48.196825308797145, 16.358578525521448","Kettenbrückengasse 5, 1050 Wien, Austria","Kettenbrückengasse (subway, bus)",Markets,70.0,,Kettenbrückengasse is a station on U4 of the Vienna U-Bahn. It is located in the Margareten District. It opened on the Wiener Stadtbahn in 1899 and became an U-Bahn station in 1980.
Vienna,79,Dorotheum,Dorotheum,"48.20623052149938, 16.368824467851066","Dorotheergasse 17, 1010 Wien, Austria",Plankengasse (bus),Museums,70.0,,"The Dorotheum is one of the world's oldest auction houses and is the largest auction house of art items in Continental Europe. Established by Emperor Joseph I in 1707, it has its headquarters in Vienna on the Dorotheergasse and branches in other European countries. Besides auctions, the retail sector also plays a major role in Dorotheum's business. In the Dorotheum, works of art, antiques, furniture, and jewellery from various centuries are put up for auction. The building is constructed in the neo-classical style. It is an attraction for Viennese natives and numerous tourists alike."
Vienna,80,Donaupark,Donaupark,"48.23935870812407, 16.411279539017677","Wallenberggasse, Am Donaupark, 1220 Wien, Austria",Wallenberggasse (bus),Parks & Nature,80.0,,"The Donauturm is a tower located in the Donaupark, Vienna, Austria. Opened in April 1964, it is the tallest structure in Austria, standing at 252 meters, and ranks as the 61st tallest tower in the world."
Vienna,81, The Vienna Philharmonic,Wiener Philharmoniker,"48.20145762216518, 16.372046839015358","Kärntner Ring 12, 1010 Wien, Austria","Karlsplatz (subway, tram, bus)",Culture,80.0,,"The Künstlerhaus in Vienna's 1st district has accommodated the Künstlerhaus Vereinigung since 1868. It is located in the Ringstrassenzone in between Akademiestraße, Bösendorferstraße and Musikvereinsplatz."
Vienna,82,SSPX Church of the Franciscans,Minoritenkirche,"48.20965541790676, 16.363643035319324","Minoritenplatz 2A, 1010 Wien, Austria","Ring, Volkstheater (subway, tram, bus)",Historical Sites,80.0,,"The Minoritenkirche, formally called Italienische Nationalkirche Maria Schnee, was built in French Gothic style in the Altstadt or First District of Vienna, Austria."
Vienna,83,Belvedere-Schlossgarten,Belvedere-Schlossgarten,"48.19255457556499, 16.380729525521133","Prinz-Eugen-Straße 27, 1030 Wien, Austria",Schloss Belvedere (tram),Parks & Nature,80.0,,"Belvedere Palace Chapel is a chapel located in the south eastern corner tower of the Upper Belvedere in Vienna, Austria. It was designed by the Austrian architect Johann Lukas von Hildebrandt."
Vienna,84,Mozart Monument,Mozartdenkmal,"48.20411847342898, 16.36476643901552","Burgring, 1010 Wien, Austria","Burgring (tram, bus)",Historical Sites,80.0,,"The Mozart Monument is a monument located in the Burggarten in the Innere Stadt district of Vienna, Austria since 1953. It is dedicated to composer Wolfgang Amadeus Mozart (1756–1791)."
Vienna,85,Spittelberg,Spittelberg,"48.20307920238897, 16.355136199787978","Schrankgasse 4, 1070 Wien, Austria","Volkstheater (subway, tram)",Shopping & Services,80.0,,"Mumok, officially the Museum moderner Kunst Stiftung Ludwig Wien, is a museum in the Museumsquartier in Vienna, Austria."
Vienna,86,Wien Mitte The Mall,Wien Mitte The Mall,"48.20696137154454, 16.385235167851132","Landstraßer Hauptstraße 1B, 1030 Wien, Austria","Landstraße (subway), Marxergasse 9tram, bus)",Shopping & Services,80.0,,"Wien Mitte is a rail and U-Bahn station in Vienna, close to the city centre. It is the city terminus of Vienna's City Airport Train (CAT), which provides non-stop service to Vienna International Airport. The station is a major hub for S-Bahn suburban trains, with little service by InterCity trains. The station is connected to the Landstraße U-Bahn station."
Vienna,87,St. Anne‘s Church,Annakirche,"48.20438152277286, 16.372116567850966","Annagasse 3B, 1010 Wien, Austria","Karlsplatz (subway, tram, bus)",Historical Sites,80.0,,"St. Anne's Church is located in Vienna, Austria, and has been administered by the Oblates of St. Francis de Sales since 1906. A relic of Saint Anne—her right hand—is kept in a rich Baroque setting and exhibited every year on July 26."
Vienna,88,Wien Museum Mozart apartment,Mozarthaus Vienna,"48.20817857120482, 16.3749418390158","Mozarthaus, Domgasse 5, 1010 Wien, Austria","Stephansplatz (subway, bus)",Museums,80.0,,"The Mozarthaus Vienna was Mozart's residence from 1784 to 1787. The building is located in Vienna's Old Town, not far from St. Stephen's Cathedral, and is his only surviving Viennese residence. It is now a museum."
Vienna,89,Vienna International Centre (VIC),Internationales Zentrum Wien,"48.23472476379398, 16.416924767852887","Wagramer Str. 5, 1220 Wien, Austria","Kaisermühlen VIC (subway, bus)",Point of interest,80.0,,"The Preparatory Commission for the Comprehensive Nuclear-Test-Ban Treaty Organization, or CTBTO Preparatory Commission, is an international organization based in Vienna, Austria, that is tasked with building up the verification regime of the Comprehensive Nuclear-Test-Ban Treaty Organization (CTBTO). The organization was established by the States Signatories to the Comprehensive Nuclear-Test-Ban Treaty (CTBT) in 1996."
Vienna,90,Academy of Fine Arts Vienna,Akademie der bildenden Künste Wien,"48.20162712214144, 16.36523266785078","Schillerplatz 3, 1010 Wien, Austria","Karlsplatz (subway, tram, bus)",Museums,90.0,,"Schillerplatz is a square in Innere Stadt, Vienna, Austria."
Vienna,91,St. Michael's Church,Pfarre St. Michael,"48.2080661712362, 16.367000439015722","Michaelerplatz 5, 1010 Wien, Austria","Herrengasse (subway), Michaelerplatz (bus)",Historical Sites,90.0,,"Saint Michael's Church is one of the oldest churches in Vienna, Austria, and also one of its few remaining Romanesque buildings. Dedicated to the Archangel Michael, St. Michael's Church is located at Michaelerplatz across from St. Michael's Gate at the Hofburg Palace. St. Michael's used to be the parish church of the Imperial Court, when it was called Zum heiligen Michael."
Vienna,92,Ferstel Passage,Ferstel Passage,"48.21126097034443, 16.365688096686924","Strauchgasse 4, 1010 Wien, Austria","Herrengasse (subway), Teinfaltstraße (bus)",Shopping & Services,90.0,,"Palais Ferstel is a building located in Herrengasse street, in Vienna. It was originally built for the Austrian National Bank and stock exchange in 1860, and from 1878 served as head office of the Austro-Hungarian Bank. It was constructed by Baron Heinrich von Ferstel. The design of the building is reminiscent of early Florentine Renaissance architecture."
Vienna,93,Secession Building (Secessionsgebaude),Wiener Secession,"48.20051772229627, 16.365764239015277","Friedrichstraße 12, 1010 Wien, Austria","Karlsplatz (subway, tram, bus)",Museums,90.0,,"The Secession Building is a contemporary art exhibition hall in Vienna, Austria. It was completed in 1898 by Joseph Maria Olbrich as an architectural manifesto for the Vienna Secession, a group of rebel artists that seceded from the long-established fine art institution."
Vienna,94,Heldenplatz,Heldenplatz,"48.20652048697555, 16.36347053302289","Heldenplatz 21/4, 1010 Wien, Austria","Dr. Karl Renner-Ring (tram, bus)",Historical Sites,90.0,,"Heldenplatz is a public space in front of the Hofburg Palace in Vienna, Austria. Located in the Innere Stadt borough, the President of Austria resides in the adjoining Hofburg wing, while the Federal Chancellery is on adjacent Ballhausplatz."
Vienna,95,Wiener Mozart Konzert - Wiener Mozart Orchester,Wiener Mozart Konzert - Wiener Mozart Orchester,"48.20320546313843, 16.3705054648375","Kärntner Str. 51, 1010 Wien, Austria","Karlsplatz (subway, tram, bus)",Culture,90.0,,Theater am Kärntnertor or Kärntnertortheater was a prestigious theatre in Vienna during the eighteenth and nineteenth centuries. Its official title was Kaiserliches und Königliches Hoftheater zu Wien.
Vienna,96,Medl-Bräu Penzinger Gasthofbrauerei,Medl-Bräu Penzinger Gasthofbrauerei,"48.19562055061003, 16.280320862311935","Linzer Str. 275, 1140 Wien, Austria",Hütteldorfer Str./Hochsatzeng. (tram),Cafes & Restaurants,90.0,,Ober St. Veit is a station on U4 of the Vienna U-Bahn. It is located in the Hietzing District. It opened in 1981.
Vienna,97,Johann Strauss monument,Johann-Strauss-Denkmal,"48.20381302183664, 16.379130339015475","Am Stadtpark, 1030 Wien, Austria","Stadtpark (subway), Weihburggasse (tram)",Historical Sites,90.0,,"Stadtpark is a station on U4 of the Vienna U-Bahn. It is located in the Landstraße District. It opened in 1978. It is one of the few Otto Wagner buildings on the U4 that has been preserved almost in its original condition. The station, which is open-air and has two side platforms, is located in a cutting and lies parallel to the Wien Canal. Exits lead via a fixed staircase through a station building into Johannesgasse via a staircase or an elevator directly into the part of the Stadtpark located in the 3rd district. The station building hangs over the portal of the Wienfluss designed by Friedrich Ohmann, an opponent of Otto Wagner. Also in the immediate vicinity of the station are Wiener Konzerthaus, Kursalon Hübner, and the InterContinental Vienna Hotel."
Vienna,98,Russisch-Orthodoxe Kathedrale zum heiligen Nikolaus,Russisch-Orthodoxe Kathedrale zum heiligen Nikolaus,"48.19744301977638, 16.385021467850603","1030 Vienna, Austria","Rennweg (tram, bus)",Historical Sites,90.0,,The Embassy of Russia in Vienna is the diplomatic mission of the Russian Federation to the Republic of Austria. The chancery is located at Reisnerstraße 45–47 in the Landstraße district of Vienna.
Vienna,99,Furniture Museum Vienna,Möbelmuseum Wien,"48.19880317382136, 16.347083412027953","1060 Vienna, Austria",Zieglergasse 9subway),Museums,90.0,,The Imperial Furniture Collection in Vienna is a furniture museum that houses one of the most important collections of furniture in the world.
Vienna,100,Setagayapark,Setagayapark,"48.24520398173315, 16.35611893750364","Gallmeyergasse 4, 1190 Wien, Austria","Barawitzkagasse (tram, bus)",Parks & Nature,100.0,,"Villa Wertheimstein is a house in Vienna, Austria. It is part of the 19th borough Döbling. In this villa, Josephine von Wertheimstein and her daughter Franziska held their literary salons. The building now houses the Döbling Museum next to the park which bears the name Wertheimstein Park."
Vienna,101,Gartenpalais Liechtenstein,Gartenpalais Liechtenstein,"48.22252112328041, 16.35957733901663","Fürstengasse 1, 1090 Wien, Austria","Seegasse (tram, bus)",Museums,100.0,,"The Gartenpalais Liechtenstein is a baroque palace on Fürstengasse in Vienna's 9th district, Alsergrund. The palace is owned by the Princely Family of Liechtenstein, rulers of Liechtenstein. It sits on the southern end of the Liechtensteinpark."
Vienna,102,Burgtheater,Burgtheater,"48.210303320931175, 16.361449267851405","Universitätsring 2, 1010 Wien, Austria","Rathausplatz, Burgtheater (tram, bus)",Culture,100.0,,"The Burgtheater (German: [ˈbʊʁk.teˌaːtɐ]; literally: ""Castle Theater"" but alternatively translated as "" Court Theater"", originally known as K.K. Theater an der Burg, then until 1918 as the K.K. Hofburgtheater, is the national theater of Austria, located in Vienna. It is the most important German-language theater and one of the most important theatres in the world. The Burgtheater was opened in 1741 and has become known as die Burg by the Viennese population; its theater company has created a traditional style and speech typical of Burgtheater performances."
Vienna,103,Flak tower, Flakturm,"48.22584594464159, 16.37351714943637","Augarten, 1020 Wien, Austria","Gaußplatz (tram, bus)",Point of interest,100.0,,"The Augarten is a public park of 52.2 hectares situated in the Leopoldstadt, the second district of Vienna, Austria. It contains the city's oldest Baroque park."
Vienna,104,Holy Trinity Greek Orthodox Church,Griechisch-Orthodoxe Kathedrale zur heiligen Dreifaltigkeit,"48.2106628216233, 16.377359267851396","Fleischmarkt 13, 1010 Wien, Austria","Schwedenplatz (subway, tram, bus)",Historical Sites,100.0,,"Holy Trinity Greek Orthodox Church is a Greek Orthodox Church Cathedral in the first district of Vienna, Austria, in the historic Greek neighborhood of Vienna's Innere Stadt. The neighborhood has also been known as the ""Fleischmarkt""."
Vienna,105,Strandbad Gänsehäufel,Strandbad Gänsehäufel,"48.22879075860285, 16.42940494253999","Moissigasse 21, 1220 Wien, Austria",Schüttauplatz (bus),Parks & Nature,100.0,,"The Old Danube is an oxbow lake of the Danube in Vienna, Austria. Situated northeast of the New Danube, it is a remnant of the river's former course, now separated from the main stream and the New Danube."
Vienna,106,District Heating Plant Spittelau,District Heating Plant Spittelau,"48.23512387125439, 16.358858796688338","1090 Vienna, Austria","Spittelau (subway, tram, bus)",Point of interest,100.0,,"Spittelau is a station on U4 and U6 of the Vienna U-Bahn. It combines with Wien Spittelau railway station, which is operated by the Austrian Federal Railways (ÖBB), to form a multistorey interchange station."
Vienna,107,St. Francis of Assisi Church,Katholische Kirche St. Franziskus von Assisi,"48.22450756664682, 16.405339267852217","Mexikoplatz 12, 1020 Wien, Austria","Vorgartenstraße (subway, tram, bus)",Historical Sites,100.0,,"St. Francis of Assisi Church, also known as the Emperor's Jubilee Church and the Mexico Church, is a Basilica-style Catholic church in Vienna, Austria. Built between 1898 and 1910, it was consecrated in 1913. It is located on the Mexikoplatz in Vienna's Second District, Leopoldstadt, and is administered by the Order of the Holy Trinity."
Vienna,108,Karmelitermarkt,Karmelitermarkt,"48.217402268630174, 16.376312439016306","1020 Vienna, Austria",Tandelmarktgasse (bus),Markets,100.0,,"Schiffschul, officially Khal Adas Yisroel, was a former Orthodox congregation and synagogue, located at Grosse Schiffgasse 8, in the second district, known as Leopoldstadt, Vienna, Austria. The synagogue was destroyed by the Nazis on Kristallnacht in 1938. The congregation worshiped in the Ashkenazi rite."
Vienna,109,Weltmuseum Wien,Weltmuseum Wien,"48.20513817205334, 16.363514796686452","Heldenplatz, 1010 Wien, Austria","Burgring (tram, bus)",Museums,100.0,,"The Weltmuseum in Vienna is the largest anthropological museum in Austria, established in 1876. It is housed in a wing of the Hofburg Imperial Palace and holds a collection of more than 400,000 ethnographical and archaeological objects from Asia, Africa, Oceania, and America."
Vienna,110,Augarten,Augarten,"48.22612536619497, 16.376666896687823","1020 Vienna, Austria",Gaußplatz (tram),Point of interest,,,"The Augarten is a public park of 52.2 hectares situated in the Leopoldstadt, the second district of Vienna, Austria. It contains the city's oldest Baroque park."
Vienna,111,Österreichische Postsparkasse,Österreichische Postsparkasse,"48.209983970700854, 16.38119296785133","Georg-Coch-Platz 2, 1010 Wien, Austria",Julius Raab Platz (tram),Point of interest,,,"The Austrian Postal Savings Bank building is a famous building in Vienna, designed and built by the architect Otto Wagner. The building is regarded as an important work of the Vienna Secession movement, a branch of Art Nouveau."
Vienna,112,Original Vienna Snowglobe factory,Original Wiener Schneekugelmanufaktur,"48.22427236671231, 16.331147267852216","Schumanngasse 87, 1170 Wien, Austria",Vinzenzgasse (tram),Point of interest,,,"Czartoryski-Schlössel was a palace called Weinhaus in the Währing district of Vienna, Austria. It was built in 1807 for the banker Friedrich Jakob van der Nüll, the legal, but not biological father of architect Eduard van der Nüll. The palace was subsequently put up for sale and purchased by Prince Czartoryski; it remained in possession of the Czartoryski family until shortly after World War I."
Vienna,113,University of Vienna,Universität Wien,"48.21318446980757, 16.359884796686988","Universitätsring 1, 1010 Wien, Austria","Schottentor (subway, tram, bus)",Historical Sites,,,"The University of Vienna is a public research university in Vienna, Austria. Founded by Duke Rudolph IV in 1365, it is the oldest university in the German-speaking world and one of the oldest universities in the world in continuous operation. With around 85,000 students and approximately 11,000 employees, it is one of the largest institutions of higher learning in Europe. As of the academic year 2024–2025, the university offered 185 degree programmes."
Vienna,114,Wien Museum Beethoven Museum,Wien Museum Beethoven Museum,"48.25487634508, 16.356160896689577","Probusgasse 6, 1190 Wien, Austria",Fernsprechamt Heiligenstadt (bus),Museums,,,"Heiligenstadt was an independent municipality until 1892 and is today a part of Döbling, the 19th district of Vienna, Austria.
"
Vienna,115,Belvedere Palace,Schloss Belvedere,"48.19148222355644, 16.380932196685677","1030 Vienna, Austria",Schloss Belvedere (tram),Historical Sites,,,"Belvedere Palace Chapel is a chapel located in the south eastern corner tower of the Upper Belvedere in Vienna, Austria. It was designed by the Austrian architect Johann Lukas von Hildebrandt."
Vienna,116,Gasometers of Vienna,Wiener Gasometer,"48.18504457766064, 16.420144096685306","Guglgasse 6, 1110 Wien, Austria","Gasometer (subway, bus)",Point of interest,,,"The Vienna Gasometers are four gasholder houses, built as part of the municipal gas works in Vienna, Austria. The original gasholder houses were constructed from 1896 to 1899. They are located in the 11th district, Simmering. They were used from 1899 to 1984 to house gas holders, each with a storage capacity of 90,000 cubic meters."
Vienna,117,Wiener Eislauf-Verein,Wiener Eislauf-Verein,"48.201223373146014, 16.377672825521724","Lothringerstraße 22, 1030 Wien, Austria","Stadtpark (subway), Schwarzenbergplatz (tram)",Family & Kids Entertainment,,,"The Akademietheater in Vienna, Austria, is the smaller of two performance halls of the Burgtheater organization. It was constructed in the years 1911 to 1913 by architects Fellner & Helmer and is considered today part of Austria's Federal Theatres (Bundestheater). Located on Lisztstrasse, in Vienna's third district, it is attached to its neighboring building, the Konzerthaus, a well-known performance venue for concerts."
Vienna,118,Children’s Museum Schönbrunn Palace,Kindermuseum Schloss Schönbrunn,"48.185417424402175, 16.31158606784975","Schloßallee, 1130 Wien, Austria","Schloß Schönbrunn (tram, bus)",Museums,,,"Schönbrunn Palace was the main summer residence of the Habsburg rulers, located in Hietzing, the 13th district of Vienna. The name Schönbrunn has its roots in an artesian well from which water was consumed by the court."
Vienna,119,Freyung,Freyung,"48.21170201977884, 16.365304067908234","1010 Vienna, Austria","Schottentor (subway, tram, bus)",Historical Sites,,,"The Freyung is a triangular public square in Vienna, located in the Innere Stadt first district of the city."
Vienna,120,Remise - Transport Museum of Wiener Linien,Remise – Verkehrsmuseum der Wiener Linien,"48.19647792285959, 16.407881125521413","Fruethstraße 2, 1030 Wien, Austria","Schlachthausgasse (subway, tram, bus)",Museums,,,"The Vienna Transport Museum ""Remise"", formerly the Viennese Tram Museum, is a museum in Vienna, Austria, run by Wiener Linien and dedicated to public transport. It is the largest tram museum dedicated to the public transit vehicles of a single city."
Vienna,121,Maria-Theresien-Platz, Maria-Theresien-Platz,"48.20462077125095, 16.36094593901552","Maria-Theresien-Platz, 1010 Wien, Austria","Volkstheater (subway, tram",Historical Sites,,,"Maria-Theresien-Platz is a large public square in Vienna, Austria, that joins the Ringstraße with the Museumsquartier, a museum of modern arts located in the former Imperial Stables. Facing each other from the sides of the square are two near identical buildings, the Naturhistorisches Museum and the Kunsthistorisches Museum. The buildings are near identical, except for the statuary on their façades. The Naturhistorisches' façade has statues depicting personifications of Africa, Asia, Europe, and the Americas. The Kunsthistorisches façade features famous European artists, such as the Dutch Bruegel, among others."
Vienna,122,Wiener Stadthalle,Wiener Stadthalle,"48.202325722044066, 16.3328956966864","Vogelweidpl. 1, 1150 Wien, Austria","Burggasse-Stadthalle (subway, tram, bus)",Culture,,,"Wiener Stadthalle is a multi-purpose indoor arena and convention center located in the 15th district of Vienna, Austria. The Austrian architect Roland Rainer designed the original halls, which were constructed between 1953 and 1958 and later expanded in 1974, 1994 and 2006. The main hall, a flexible multi-purpose venue, is Austria's largest indoor arena and can hold up to approximately 16,083 people."
Vienna,123,Palais Schönborn,Palais Schönborn,"48.211980120697284, 16.366494396686925","Renngasse 4, 1010 Wien, Austria","Schottentor (subway, tram, bus)",Culture,,,"The Museum Of Young Art (MOYA) founded 2005 in Vienna, Austria, was the first museum worldwide exclusively devoted to 21st-century young art. The MOYA was a privately owned museum, founded and operated by Swiss-German art historian and manager Dr. Kolja Kramer, showcasing artworks created exclusively after the year 2000, with a particular focus on early works by emerging artists. The stylistic focus of its exhibitions was on contemporary painting, video installations, photography and Fantastic Realism. The museum provided opportunities for young artists to showcase their skills in a formal setting. However, in 2015 the MOYA-Museum of Young Art in Vienna was closed permanently."
Vienna,124,The Bermuda Triangle,The Bermuda Triangle,"48.212017251049666, 16.374400704635704","Ruprechtspl. 1, 1010 Wien, Austria","Schwedenplatz (subway, tram, bus)",Shopping & Services,,,"St. Rupert's Church is a Romanesque church in Vienna, Austria. Traditionally considered to be the oldest church in the city, St. Rupert's Church is dedicated to Saint Rupert of Salzburg, patron saint of the salt merchants of Vienna. The church is located in one of the oldest parts of the city, the section of the Roman Vindobona."
Vienna,125,Gloriette Schönbrunn,Gloriette Schönbrunn,"48.17830434150505, 16.308779999517007","Gloriettestraße, 1130 Wien, Austria","Schönbrunn (subway, bus)",Parks & Nature,,,"The sculptures in the Schönbrunn Garden at Schönbrunn Palace in Vienna, Austria were created between 1773 and 1780 under the direction of Johann Wilhelm Beyer, a German artist and garden designer. The Great Parterre of Schönbrunn Garden is lined on both sides with 32 over life-size sculptures that represent mythological deities and virtues. The Neptune Fountain at the foot of the Gloriette hill is the crowning monument of the Great Parterre. Other sculptures are distributed throughout the garden and palace forecourt, including fountains and pools. Several sculptors were employed during the execution of these works, among them Johann Baptist Hagenauer."
Vienna,126,Palace of Justice,Justizpalast,"48.20677727159589, 16.35738103901567","Schmerlingpl. 10-11, 1010 Wien, Austria","Volkstheater (subway, tram, bus)",Historical Sites,,,"The Palace of Justice is the seat of the Supreme Court of Austria. The Neo-Renaissance building erected from 1875 to 1881 is located in the Austrian capital Vienna on Schmerlingplatz, a square near the Ringstraße boulevard in the central district of Innere Stadt. In addition to the Supreme Court, the Palace of Justice houses the Higher Regional Court of Vienna and the Regional Court for Civil Matters Vienna and the General Prosecution and the Supreme Public Prosecutor for Vienna."
Vienna,127,Wien Museum Hermesvilla,Wien Museum Hermesvilla,"48.17068638179223, 16.245968769432892","Lainzer Tiergarten, 1130 Wien, Austria",Kleiner Ring (bus),Historical Sites,,,"Hermesvilla is a palace in the Lainzer Tiergarten in Vienna, a former hunting area for the Habsburg nobility. Emperor Franz Joseph I gave it to his wife Empress Elisabeth, and he called it the ""castle of dreams.“ The name of the villa refers to a statue of Hermes made of white marble that is located in the garden of the villa. Today, the Hermesvilla is noted for its art and natural setting, and is used by the Vienna Museum for special exhibitions on cultural history."
Vienna,128,Hochstrahlbrunnen,Hochstrahlbrunnen,"48.19839487393538, 16.37612219668606","Schwarzenbergpl., 1030 Wien, Austria",Gußhausstraße (tram),Historical Sites,,,"Schwarzenbergplatz is a square in Vienna, Austria. It is closer to a small, open street rather than a square. It runs between the Kärntner Ring section of the Ringstraße and Lothringerstraße. Travelling south, the street, Schwarzenbergstraße, becomes Schwarzenbergplatz after passing Kärntner Ring."
Vienna,129,Majolikahaus of Otto Wagner,Majolikahaus of Otto Wagner,"48.197445271250174, 16.359206832268303","Linke Wienzeile 40, 1060 Wien, Austria","Kettenbrückengasse (subway, bus)",Point of interest,,,The Café Savoy is a Viennese coffee house and gay bar on the left bank of the Wien river in Mariahilf district. It was opened in 1896.
Vienna,130,Ringstraßen Galerien,Ringstraßen Galerien,"48.20216457451991, 16.372806267850926","Kärntner Ring 5-7, 1010 Wien, Austria","Schwarzenbergplatz (tram, bus)",Shopping & Services,,,"Café Schwarzenberg is a traditional Viennese coffee house, located on the Ringstraße boulevard near Schwarzenbergplatz in the central Innere Stadt district of Vienna, Austria. Unlike many other traditional Viennese coffeehouses, the Cafe Schwarzenberg did not cater to a clientele of artists and intellectuals. The interior is notable for having remained largely unchanged since it was opened in the 19th century."
Vienna,131,Vienna Clock Museum,Wien Museum Uhrenmuseum,"48.210857870456934, 16.369320839015888","Schulhof 2, 1010 Wien, Austria","Herrengasse (subway), Brandstätte (bus)",Museums,,,"Palais Obizzi is a small baroque palace in Vienna, Austria."
Vienna,132,Globe Museum of the Austrian National Library,Globenmuseum der Österreichischen Nationalbibliothek,"48.20936526940177, 16.365609015725145","Palais Mollard, Herrengasse 9, 1010 Wien, Austria","Herrengasse (subway), Rathausplatz, Burgtheater (tram, bus)",Museums,,,Herrengasse is a station on U3 of the Vienna U-Bahn. It is located in the Innere Stadt District. It opened in 1991.
Vienna,133,Sankt Marxer Friedhof,Sankt Marxer Friedhof,"48.18384563111084, 16.403216072660644","Leberstraße 6, 1030 Wien, Austria","Litfaßstraße (tram, bus)",Point of interest,,,"St. Marx Cemetery is a cemetery in the Landstraße district of Vienna, used from 1784 until 1874. It contains the unmarked grave of the composer Wolfgang Amadeus Mozart."
Vienna,134,Liliputbahn im Prater,Liliputbahn im Prater,"48.21544217125221, 16.396609196687173","Prater 99, 1020 Wien, Austria","Wien Praterstern (tram, bus)",Point of interest,,,"Kugelmugel, officially the Republic of Kugelmugel, is a spherical art object located in Vienna, Austria."
Vienna,135,CopaBeach,CopaBeach,"48.23121147067343, 16.410724932686154","CopaBeach, 1220 Wien, Austria","Donauinsel (subway, bus)",Waterfronts & Beaches,,,"The DC Towers, also known as the Donau City Towers, is a mixed-use skyscraper complex in the Donaustadt District of Vienna, Austria. The towers were designed by French architect Dominique Perrault. Werner Sobek AG was responsible for the structural engineering as well as the facade and height access planning of DC Tower 1."
Vienna,136,Julius Meinl am Graben,Julius Meinl am Graben,"48.209473621046946, 16.368250325522194","Graben 19, 1010 Wien, Austria","Herrengasse (subway), Graben, Petersplatz (bus)",Cafes & Restaurants,,,"The Kohlmarkt is one of the most famous streets in the center of Vienna. It stretches from Michaelerplatz to the Graben. The street is considered to be Vienna's luxury shopping street due to a high density of jewelers and branches of international fashion labels. Together with the Graben and the Kärntner Straße, the Kohlmarkt forms Vienna's so-called ""Golden U"" of inner-city shopping streets, which offer upscale stores and are pedestrian zones."
Vienna,137,Ephesos Museum,Ephesos Museum,"48.20540082234606, 16.36496856785107","Heldenplatz, 1010 Wien, Austria","Burgring (tram, bus)",Museums,,,"The Papyrus Collection of the Austrian National Library, also known as the Rainer Collection and Vienna Papyrus Collection, is a papyrus collection of the Austrian National Library at Hofburg palace in Vienna. It contains around 180,000 objects overall. It is one of the most significant collections in papyrology, containing writings documenting 3 millennia of the history of Egypt from 1500 BCE–1500 CE: Ancient Egypt, Hellenistic Egypt, Roman Egypt, and Egypt during Muslim rule. It includes a specialist library of around 19,500 books and journals as well. The Austrian National Library preserves and restores the stored papyri and facilitates scholarly research and publication based on these ancient documents."
Vienna,138,Mary at the Strand,Kirche Maria am Gestade,"48.21296947264022, 16.37016566785148","Salvatorgasse 12, 1010 Wien, Austria",Concordiaplatz (bus),Historical Sites,,,"Maria am Gestade is a Gothic church in Vienna, Austria. One of the oldest churches in the city — along with St. Rupert's Church and St. Stephens Cathedral — it is one of the few surviving examples of Gothic architecture in Vienna. Located in the Innere Stadt at Salvatorgasse 12, near the Donaukanal, the church was traditionally used by sailors on the Danube river. The name reflects the former location on the Fluvial terrace of an arm of the Danube river, prior to its regulation."
Vienna,139,Amalienbad,Amalienbad,"48.174300226276905, 16.37897005511545","Reumannpl. 23, 1100 Wien, Austria","Reumannplatz (subway, tram, bus)",SPA & Wellness,,,Reumannplatz is a station on U1 of the Vienna U-Bahn. It is located in the Favoriten district. It opened in 1978.
Vienna,140,Volkstheater,Volkstheater,"48.20522887047804, 16.357071496686466","Arthur-Schnitzler-Platz 1, 1070 Wien, Austria","Volkstheater (subway, tram, bus)",Culture,,,"The Volkstheater in Vienna was founded in 1889 by request of the citizens of Vienna, amongst them the dramatist Ludwig Anzengruber and the furniture manufacturer Thonet, in order to offer a popular counter weight to the Hofburgtheater. It was erected according to designs by Ferdinand Fellner and Hermann Helmer, who attempted to reconcile their plans with historicism. It is located in Neubau, the seventh district of Vienna."
Vienna,141,Neuer Markt,Neuer Markt,"48.20608919611598, 16.370538396645095","1010 Vienna, Austria",Plankengasse (bus),Shopping & Services,,,"The Kärntner Straße is one of the most famous streets in the center of Vienna. It begins near the Vienna Ring Road on Karlsplatz, leading past the Vienna State Opera and north to Stephansplatz in the center of Vienna. At Stephansplatz, the Kärnter Straße meets the Graben. Together with the Graben and Kohlmarkt, the Kärntner Straße forms Vienna's so-called ""Golden U"" of inner-city shopping streets, which offer upscale stores and are pedestrian zones."
Vienna,142,Maxingstüberl,Maxingstüberl,"48.18463587777463, 16.300659067849768","Maxingstraße 7, 1130 Wien, Austria","Dommayergasse (tram, bus)",Cafes & Restaurants,,,"The Wüstenhaus Schönbrunn is a desert botanical exhibit in Vienna, Austria. It is located in the Sonnenuhrhaus, which was built in 1904 as the newest of the four botanical houses in Schönbrunn Palace Park. The desert exhibit opened in 2004 as a counterpart to the ""Rainforest House"" that opened in 2002 in the nearby Vienna Zoo."
Vienna,143,Vienna University of Economics and Business,Wirtschaftsuniversität Wien,"48.21344176973571, 16.408477325522433","Welthandelspl. 1, 1020 Wien, Austria",Südportalstraße (bus),Point of interest,,,"The Vienna University of Economics and Business is a public research university in Vienna, Austria. The university received triple accreditation."
Vienna,144,HEINDL Chocolate Museum Vienna,HEINDL SchokoMuseum Wien,"48.151077792273114, 16.332698212025004","Willendorfer G. 2, 1230 Wien, Austria",Willendorfer Gasse (bus),Museums,,,"Inzersdorf was before 1938 an independent municipality, and is now a part of the 23rd Viennese district Liesing."
Vienna,145,Karl Marx-Hof,Karl Marx-Hof,"48.24641158198493, 16.36269939668903","Heiligenstädter Str. 82/92, 1190 Wien, Austria","Gunoldstraße (tram, bus)",Point of interest,,,"Heiligenstadt is a station on U4 of the Vienna U-Bahn. Beside the U-Bahn station is the Wien Heiligenstadt railway station, which is served by Vienna S-Bahn lines S40 and S45."
Vienna,146,Am Hof,Am Hof,"48.211091920821104, 16.368181354357777","1010 Vienna, Austria",Brandstätte (bus),Historical Sites,,,"Palais Obizzi is a small baroque palace in Vienna, Austria."
Vienna,147,Haas-Haus,Haas-Haus,"48.208284121212856, 16.371534867851217","Goldschmiedgasse 3, 1010 Wien, Austria",Stephansplatz (subway),Point of interest,,,"The Palais Equitable is an office building in Stock-im-Eisen-Platz in the Innere Stadt of Vienna, Austria, that was built in the 19th century for The Equitable Life Assurance Society of the United States and that incorporates a medieval nail-tree on one exterior corner."
Vienna,148,St. Francis of Assisi Church,Katholische Kirche St. Franziskus von Assisi,"48.22450756664682, 16.405349996687683","Mexikoplatz 12, 1020 Wien, Austria","Vorgartenstraße (subway, tram, bus)",Historical Sites,,,"St. Francis of Assisi Church, also known as the Emperor's Jubilee Church and the Mexico Church, is a Basilica-style Catholic church in Vienna, Austria. Built between 1898 and 1910, it was consecrated in 1913. It is located on the Mexikoplatz in Vienna's Second District, Leopoldstadt, and is administered by the Order of the Holy Trinity."
Vienna,149,Spanish Riding School,Spanische Hofreitschule,"48.20761417040535, 16.36614897014297","Michaelerplatz 1, 1010 Wien, Austria","Herrengasse (subway), Michaelerplatz (bus)",Point of interest,,,"The Spanish Riding School is an Austrian institution based in Vienna, dedicated to the preservation of classical dressage and the training of Lipizzaner horses, whose performances in the Hofburg are also a tourist attraction. The leading horses and riders of the school also periodically tour and perform worldwide. It is one of the ""Big Four"", the most prestigious classical riding academies in the world, alongside the Cadre Noir, the Portuguese School of Equestrian Art, and the Royal Andalusian School."
Vienna,150,Vivaldi Vienna Orchester 1756 Karlskirche,Vivaldi Vienna Orchester 1756 Karlskirche,"48.198395222592254, 16.371919739015116","Karlskirche, Karlsplatz, 1040 Wien, Austria","Karlsplatz (subway, tram, bus)",Culture,,,"The Karlskirche is a Baroque church in the Karlsplatz in Vienna, Austria. The church is dedicated to Saint Charles Borromeo, a leading figure of the Counter-Reformation. The church is located on the border of Wieden and the Innere Stadt, the city centre."
Vienna,151,Palais Equitable,Palais Equitable,"48.207825421226836, 16.371447596686615","Stock-im-Eisen-Platz 3, 1010 Wien, Austria","Stephansplatz (subway, tram, bus)",Point of interest,,,"The American Bar is an American style cocktail bar located in downtown Vienna. Frequented by many significant historical figures, the marble and mahogany clad bar was designed in 1907 by architect Adolf Loos to challenge traditional cultural ideas about how we should decorate our buildings. Today, the smallest bar in Vienna receives avid attendance, and has recently been the subject of several recreations, and even a museum exhibition in LA."
Vienna,152,Floating-Zentrum [schwerelos],Floating-Zentrum [schwerelos],"48.213817525429675, 16.351348597796974","Lange G. 70, 1080 Wien, Austria",Lange Gasse (tram),SPA & Wellness,,,"The Austrian Museum of Folk Life and Folk Art, commonly known as the Volkskundemuseum Wien, is an ethnographic museum in Vienna, Austria. It is one of the largest museums of its kind in Europe and holds extensive collections of folk art as well as material relating to historical and contemporary everyday cultures in Europe."
Vienna,153,Basilica Mary Rotunda,Pfarrkirche Maria Rotunda,"48.20883138378464, 16.37898671450542","Postgasse 4, 1010 Wien, Austria","Stubentor (subway, tram, bus)",Historical Sites,,,"The Dominican Church, also known as the Church of St. Maria Rotunda, is an early Baroque parish church and minor basilica in the historic center of Vienna, Austria. It is the third church built on the same site in the course of time."
Vienna,154,St. Rupert‘s Church,Ruprechtskirche,"48.21201192181176, 16.37440639668693","Ruprechtspl. 1, 1010 Wien, Austria","Schwedenplatz (subway, tram, bus)",Historical Sites,,,"St. Rupert's Church is a Romanesque church in Vienna, Austria. Traditionally considered to be the oldest church in the city, St. Rupert's Church is dedicated to Saint Rupert of Salzburg, patron saint of the salt merchants of Vienna. The church is located in one of the oldest parts of the city, the section of the Roman Vindobona."
Vienna,155,Funeral Museum Vienna,Bestattungsmuseum am Wiener Zentralfriedhof,"48.15415792876025, 16.440290396683338","Simmeringer Hauptstraße 234, 1110 Wien, Austria","Zentralfriedhof 2.Tor (tram), bus)",Point of interest,,,"The Vienna Central Cemetery is one of the largest cemeteries in the world by number of interred, and is the best known among Vienna's nearly 50 cemeteries. The cemetery's name is descriptive of its significance as Vienna's biggest cemetery, not of its geographic location, as it is not in the city center of the Austrian capital, but on the southern outskirts, in the outer city district of Simmering."
Vienna,156,Palais Auersperg Events,Palais Auersperg Events,"48.20731932096286, 16.355030739681","Auerspergstraße 1, 1080 Wien, Austria","Auerspergstraße (tram, bus)",Point of interest,,,"Palais Auersperg, for a short time called Palais Rosenkavalier, is a Baroque palace at Auerspergstraße 1 in the Josefstadt or eighth district of Vienna, Austria."
Vienna,157,Raimundhof,Raimundhof,"48.19952716888543, 16.35577942552165","1060 Vienna, Austria","Neubaugasse (subway), Stiegengasse (bus)",Shopping & Services,,,The Church of Mariahilf is a Baroque parish church and the church of the Congregation of Saint Michael the Archangel in Vienna. It is located in Vienna's 6th district (Mariahilf).
Vienna,158,Ottakringer Brauerei,Ottakringer Brauerei,"48.21255862061654, 16.324362767851536","Ottakringer Pl. 1, 1160 Wien, Austria",Johann Nepomuk Berger Platz (tarm),Cafes & Restaurants,,,"Ottakringer is the last large brewery remaining in Vienna, Austria, and is located in Ottakring, the 16th district of Vienna."
Vienna,159,Hofjagd- und Rüstkammer,Hofjagd- und Rüstkammer,"48.20492022693086, 16.36378803711865","Heldenplatz, 1010 Wien, Austria","Burgring (tram, bus)",Museums,,,"The Weltmuseum in Vienna is the largest anthropological museum in Austria, established in 1876. It is housed in a wing of the Hofburg Imperial Palace and holds a collection of more than 400,000 ethnographical and archaeological objects from Asia, Africa, Oceania, and America."
Vienna,160,Concerts in Mozart's House,Konzerte im Mozarthaus,"48.20769267135122, 16.373368767844056","Deutschordenshaus, Singerstraße 7, 1010 Wien, Austria",Stephansplatz (subway,Culture,,,"The Church of the Teutonic Order, also known as the Church of Saint Elisabeth of Hungary, is the mother church of the Teutonic Order, a German-based Roman Catholic religious order formed at the end of the 12th century. Located in Vienna, Austria, near the Stephansdom, it is the current seat of the Grand Master of the Order."
Vienna,161,Wien Museum Otto Wagner Pavillon Karlsplatz,Wien Museum Otto Wagner Pavillon Karlsplatz,"48.20026732017083, 16.370298539015273","Karlsplatz, 1040 Wien, Austria","Karlsplatz (subway, tram, bus)",Point of interest,,,"Karlsplatz Stadtbahn Station is a former station of the Viennese Stadtbahn. The buildings above ground on Karlsplatz are a well-known example of Jugendstil architecture. These buildings were included in The Vienna Secession, as they followed many of the artistic styles of that movement. They were designed by Otto Wagner, adviser to the Transport Commission in Vienna, and Joseph Maria Olbrich and are, unlike the other Stadtbahn stations, made of a steel framework with marble slabs mounted on the exterior. These stations allowed Otto Wagner to achieve his goal of creating two modern axes of architecture in a city that was becoming one of the most modern cities of its time. These buildings went on to become the most modern monument of the modern city.
Architectural critic and poet Friedrich Achleitner commented on the Stadtbahn stations as follows ""...In these two station buildings Wagner reached a highpoint of his dialectic between function and poetry, construction and decoration, whereby a severe rationalism engages in competition with an almost Secessionist kind of decoration."" "
Vienna,162,Pathological-anatomical collection in the Narrenturm,Narrenturm - Pathologisch-anatomische Sammlung,"48.21854101978189, 16.35342086970014","Spitalgasse 2, 1090 Wien, Austria",Lazarettgasse (tram),Museums,,,"The Campus of the University of Vienna is one of the main sites of the University of Vienna, located in the Alsergrund district of Vienna, just over 500 metres northwest of the Main building. It occupies the former site of the Vienna General Hospital, a complex dating back to the late 17th century."
Vienna,163,Donnerbrunnen,Donnerbrunnen,"48.20615322151004, 16.370711167851056","Neuer Markt, 1010 Wien, Austria",Plankengasse (bus),Historical Sites,,,"The Kärntner Straße is one of the most famous streets in the center of Vienna. It begins near the Vienna Ring Road on Karlsplatz, leading past the Vienna State Opera and north to Stephansplatz in the center of Vienna. At Stephansplatz, the Kärnter Straße meets the Graben. Together with the Graben and Kohlmarkt, the Kärntner Straße forms Vienna's so-called ""Golden U"" of inner-city shopping streets, which offer upscale stores and are pedestrian zones."
Vienna,164,Austria Center Vienna,Austria Center Vienna,"48.23487691750247, 16.413735796688275","Bruno-Kreisky-Platz 1, 1220 Wien, Austria","Kaisermühlen VIC (subway, bus)",Point of interest,,,"Donau City, or Vienna DC, is a new part of Vienna's 22nd District Donaustadt, next to both the Reichsbrücke and the left bank of the Danube's 21.1 km new channel, Neue Donau."
Vienna,165,Scots Church,Basilika zu den Schotten (Schottenkirche),"48.212050321817195, 16.364617867851518","Freyung 6, 1010 Wien, Austria","Schottentor (subway, tram, bus)",Historical Sites,,,"The Schottenkirche is a parish church in Vienna attached to the Schottenstift, founded by Irish Benedictine monks in the 12th century. In 1418, the Duke Albert V of Austria transferred it to the German-speaking Benedictine monks from the Melk Abbey during the Melker Reform initiated after the Council of Constance. The church was elevated to the rank of Basilica Minor in 1958."
Vienna,166,Theater an der Wien,Theater an der Wien,"48.19937166643761, 16.36423355435704","Linke Wienzeile 6, 1060 Wien, Austria",Bärenmühldurchgang (bus),Culture,,,"The Theater an der Wien is a historic theatre in Vienna located on the Left Wienzeile in the Mariahilf district. Completed in 1801, the theatre has hosted the premieres of many celebrated works of theatre, opera, and symphonic music. Since 2006, it has served primarily as an opera house, hosting its own company."
Vienna,167,Franciscan Church,Franziskanerkirche,"48.20647567082629, 16.374465666002802","Franziskanerpl. 4, 1010 Wien, Austria",Liebenberggasse (bus),Church,,,"The Franciscan Church, also known as the Church of St. Jerome, is a Roman Catholic parish church dedicated to Saint Jerome and located in the historic city center of Vienna, Vienna's 1st district. It is the church of the Franciscan Order in Vienna."
Vienna,158,Kaiserin-Elisabeth-Denkmal,Kaiserin-Elisabeth-Denkmal,"48.20937260077191, 16.361874099034026","Josef-Meinrad-Platz T, 1010 Wien, Austria","Ring, Volkstheater 9subway, tram, bus)",Historical Sites,,,"Stadtpalais Liechtenstein is a residential building at Bankgasse 9, in the first district of Vienna, Innere Stadt. The palace was built from 1692 to 1705 by the Italian architect Domenico Martinelli and the Swiss architect Gabriele Gabrieli."
Vienna,169,St. Stephen's Cathedral South Tower,Stephansdom Südturm,"48.20823510002155, 16.373123864072664","Stephansplatz 1, 1010 Wien, Austria",Stephansplatz (subway),Historical Sites,,,"The 1529 siege of Vienna was the first attempt by the Ottoman Empire to capture the city of Vienna in the Archduchy of Austria, part of the Holy Roman Empire. Suleiman the Magnificent, sultan of the Ottomans, attacked the city with over 100,000 men, while the defenders, led by Niklas Graf Salm, numbered no more than 21,000. Nevertheless, Vienna was able to survive the siege. The siege ultimately lasted just over two weeks, from 27 September to 15 October 1529."
Vienna,170,WestLicht,WestLicht,"48.20190321700431, 16.342109369699088","Westbahnstraße 40, 1070 Wien, Austria","Westbahnstraße (tram, bus)",Museums,,,Burggasse-Stadthalle is a station on U6 of the Vienna U-Bahn. It is located in the Rudolfsheim-Fünfhaus District. It opened in 1989.
Vienna,171,Albertina Modern,Albertina Modern,"48.20052177125052, 16.37157713901526","Karlsplatz 5, 1010 Wien, Austria","Karlsplatz (subway, tram, bus)",Museums,,,"The Wiener Musikverein, commonly shortened to Musikverein, is a concert hall in Vienna, Austria, which is located in the Innere Stadt district. During the 1863 construction of the Vienna Ring Road (Ringstraße) a piece of land for a new concert hall was granted to the Society of Friends of Music in Vienna by Emperor Franz Joseph I of Austria. Designed by Danish-born architect Theophil Hansen, the concert hall has housed the Vienna Philharmonic since its opening in 1870."
Vienna,172,Hohe-Wand-Wiese,MOUNTAINBIKE TRAILCENTER WIEN,"48.22967961822775, 16.202476839017077","Mauerbachstraße 174/184, 1140 Wien, Austria",Wien Hohe-Wand-Wiese (bus),Sports,,,
Vienna,173,WINDOBONA Indoor Skydiving Vienna,WINDOBONA Indoor Skydiving Vienna,"48.216125817855136, 16.40053919668718","Prater 38A, 1020 Wien, Austria",Perspektivstraße (bus),Sports,,,"Wiener Looping is a steel roller coaster at Wurstelprater in Leopoldstadt, Vienna, Austria. Built by Mack Rides, the coaster spans multiple sections of the amusement park and is one of its few attractions operated by owner Stefan Sittler-Koidl."
Vienna,174,Römer museum,Wien Museum Römermuseum,"48.21072287049457, 16.372706625522248","Hoher Markt 3, 1010 Wien, Austria",Hoher Markt (bus),Museums,,,"Palais Arnstein was a palace in Vienna, Austria. The building was constructed from 1794 to 1796 by the merchant Franz Natorp. The Jewish noble Nathan Adam von Arnstein rented the palace, since Jews were not allowed to own property in the city."
Vienna,175,Beethoven statue,Beethovendenkmal,"48.201920442358386, 16.377094670954225","1010 Vienna, Austria","Schwarzenbergplatz (tram, bus)",Historical Sites,,,"Palais Gutmann is a Ringstraßenpalais in Vienna, Austria. It was built for the coal trading Gutmann family. It was built in 1869–1871. The architect was Carl Tietz."
Vienna,176,Blacklite Arena,Blacklite Arena,"48.26380897125768, 16.45563953901917","Rautenweg 2, 1220 Wien, Austria",Wien Spitzweg (bus),Family & Kids Entertainment,,,Aderklaaer Straße is a station on U1 of the Vienna U-Bahn. It is located in the Floridsdorf District. It opened in 2006.
Vienna,177,Silvester Gala Vienna,Silvester Gala Vienna,"48.20323160646199, 16.370521570573008","Kärntner Str. 51, 1010 Wien, Austria","Oper, Karlsplatz U )tram, bus)",Culture,,,Theater am Kärntnertor or Kärntnertortheater was a prestigious theatre in Vienna during the eighteenth and nineteenth centuries. Its official title was Kaiserliches und Königliches Hoftheater zu Wien.
Vienna,178,Islamic Centre of Vienna,Islamisches Zentrum Wien,"48.24516651957586, 16.397758852911913","Am Bruckhaufen 3, 1210 Wien, Austria","Neue Donau (subway, bus)",Church,,,"The Vienna Islamic Centre is the largest mosque in Austria, located in Vienna's 21st district Floridsdorf."
Vienna,179,Josephinum,Josephinum,"48.21934926808671, 16.356473125522783","Währinger Str. 25, 1090 Wien, Austria",Sensengasse Tram),Museums,,,"The Palais Clam-Gallas is a historic palace in the Neo-Classical or Biedermeier style in Vienna, Austria. It was built as a summer residence in the mid 1830s by Franz Joseph, Prince of Dietrichstein."
Vienna,180,Kapuzinerkloster,Kapuzinerkloster,"48.20566447190654, 16.37008801018014","Tegetthoffstraße 2, 1010 Wien, Austria",Plankengasse (bus),Church,,,"The Imperial Crypt, also called the Capuchin Crypt (Kapuzinergruft), is a burial chamber beneath the Capuchin Church and monastery in Vienna, Austria. It was founded in 1618 and dedicated in 1632, and located on the Neuer Markt square of the Innere Stadt, near the Hofburg Palace. Since 1633, the Imperial Crypt has served as the principal place of entombment for the members of the House of Habsburg. The bones of 145 Habsburg royalty, plus urns containing the hearts or cremated remains of four others, are here, including 12 emperors and 18 empresses. The visible 107 metal sarcophagi and five heart urns range in style from puritan plain to exuberant rococo. Some of the dozen resident Capuchin friars continue their customary role as the guardians and caretakers of the crypt, along with their other pastoral work in Vienna. The most recent entombment was in 2023."
Vienna,181,DC Towers,DC Towers,"48.23195741122448, 16.41276633901717","1220 Vienna, Austria","Kaisermühlen VIC (subway, bus)",Point of interest,,,"The DC Towers, also known as the Donau City Towers, is a mixed-use skyscraper complex in the Donaustadt District of Vienna, Austria. The towers were designed by French architect Dominique Perrault. Werner Sobek AG was responsible for the structural engineering as well as the facade and height access planning of DC Tower 1."
Vienna,182,Rochusmarket,Rochusmarket,"48.20279712489818, 16.390784396686303","Landstraßer Hauptstraße 03, 1030 Wien, Austria","Rochusgasse (subway, bus)",Markets,,,Rochusgasse is a station on U3 of the Vienna U-Bahn. It is located in the Landstraße District. It opened in 1991.
Vienna,183,Vermahlungsbrunnen (Marriage Fountain),Vermählungsbrunnen,"48.21090762044315, 16.372970567851404","Hoher Markt, 1010 Wien, Austria",Hoher Markt (bus),Point of interest,,,"Palais Arnstein was a palace in Vienna, Austria. The building was constructed from 1794 to 1796 by the merchant Franz Natorp. The Jewish noble Nathan Adam von Arnstein rented the palace, since Jews were not allowed to own property in the city."
Vienna,184,Wotruba Kirche,Kirche Zur Hlst. Dreifaltigkeit (Wotrubakirche),"48.14766850493081, 16.253388410176502","Ottillingerpl. 1, 1230 Wien, Austria",Kaserngasse (bus),Church,,,"The Kirche Zur Heiligsten Dreifaltigkeit, better known as the Wotrubakirche or Wotruba Church, is a Catholic church located in Liesing, Vienna. It was built between August 1974 and October 1976, based on a design by Austrian sculptor Fritz Wotruba."
Vienna,185,House of Industry,Haus der Industrie,"48.19985647352741, 16.37582273901525","Schwarzenbergpl. 4, 1030 Wien, Austria","Schwarzenbergplatz (tram, bus)",Culture,,,"The Vienna Spring Festival is an annual classical music festival in Vienna. Founded in 1992, the festival is held in April and May at the Konzerthaus and other venues in Vienna."
Vienna,186,Christmas Market at St. Stephen´s Square,Christmas Market at St. Stephen´s Square,"48.208410063299524, 16.37348374438151","Stephansplatz 3, 1010 Wien, Austria",Stephansplatz (bus),Markets,,,"The Archdiocese of Vienna is a Latin Church archdiocese of the Catholic Church in Austria. It was established as the Diocese of Vienna on 18 January 1469 out of the Diocese of Passau, and elevated to an archdiocese on 1 June 1722. The episcopal see is situated in the cathedral of St. Stephen in Vienna."
Vienna,187,Needle Vinyl Bar,Needle Vinyl Bar,"48.21216892690348, 16.36897743252509","Färbergasse 8, 1010 Wien, Austria","Schottentor (subway, tram, bus)",Cafes & Restaurants,,,"Judenplatz is a town square in Vienna's Innere Stadt that was the center of Jewish life and the Viennese Jewish Community in the Middle Ages. It is located in the immediate proximity of Am Hof square, Schulhof, and Wipplingerstraße. It exemplifies the long and eventful history of the city and the Jewish community focused on this place. Archaeological excavations of the medieval synagogue are viewable underground by way of the museum on the square, Misrachi-Haus. Two sculptural works, a carved relief and several inscribed texts are located around the square that all have subject matter relating to Jewish history. One of these sculptures is a statue of Gotthold Ephraim Lessing. The other is a memorial to Austrian Holocaust Victims, a project based on an idea of Simon Wiesenthal and unveiled in 2000. Created by British artist Rachel Whiteread, the memorial is a reinforced concrete cube resembling a library with its volumes turned inside out."
Vienna,188,Marionettentheater Schloss Schönbrunn,Marionettentheater Schloss Schönbrunn,"48.18492983091589, 16.31531836784972","Hofratstrakt, 1130 Wien, Austria",Schloß Schönbrunn (bus),Culture,,,Café Restaurant Residenz is a classical Viennese coffee house which is located in the eastern wing of Schloss Schönbrunn in the 13th Viennese district.
Vienna,189,Church of the Teutonic Order,Deutschordenskirche,"48.207612071362846, 16.373272896686665","Singerstraße 7, 1010 Wien, Austria",Stephansplatz (subway),Church,,,"The Church of the Teutonic Order, also known as the Church of Saint Elisabeth of Hungary, is the mother church of the Teutonic Order, a German-based Roman Catholic religious order formed at the end of the 12th century. Located in Vienna, Austria, near the Stephansdom, it is the current seat of the Grand Master of the Order."
Vienna,190,Christmas Village on Maria-Theresien-Platz,Christmas Village on Maria-Theresien-Platz,"48.204639467986816, 16.360965879496316","Maria-Theresien-Platz, 1010 Wien, Austria","Museumsquartier (subway, bus), Burgring (tram, bus)",Markets,,,"Maria-Theresien-Platz is a large public square in Vienna, Austria, that joins the Ringstraße with the Museumsquartier, a museum of modern arts located in the former Imperial Stables. Facing each other from the sides of the square are two near identical buildings, the Naturhistorisches Museum and the Kunsthistorisches Museum. The buildings are near identical, except for the statuary on their façades. The Naturhistorisches' façade has statues depicting personifications of Africa, Asia, Europe, and the Americas. The Kunsthistorisches façade features famous European artists, such as the Dutch Bruegel, among others."
Vienna,191,Pfarrkirche Grinzing,Pfarrkirche Grinzing,"48.25662745767724, 16.339642167854297","Himmelstraße 25, 1190 Wien, Austria","Grinzing (tram, bus)",Church,,,"The Grinzing Parish Church is the Roman Catholic parish church of Grinzing in the 19th district of Döbling, western Vienna, Austria."
Vienna,192,Museum of Art Fakes,Fälschermuseum,"48.20784237129867, 16.393088596686628","Löwengasse 28, 1030 Wien, Austria","Hetzgasse 9Tram, bus)",Museums,,,"The Museum of Art Fakes is a museum of faked and forged artworks that opened in Vienna, Austria in 2005. This small, privately run museum in the Landstraße district, founded by Diana Grober and Christian Rastner, describes itself as ""the world's only genuine art forgery museum"""
Vienna,193,Neptune Fountain,Neptunbrunnen,"48.181335869233315, 16.31035865245325","Rustenallee, 1130 Wien, Austria","Schönbrunn (subway, bus)",Point of interest,,,"The sculptures in the Schönbrunn Garden at Schönbrunn Palace in Vienna, Austria were created between 1773 and 1780 under the direction of Johann Wilhelm Beyer, a German artist and garden designer. The Great Parterre of Schönbrunn Garden is lined on both sides with 32 over life-size sculptures that represent mythological deities and virtues. The Neptune Fountain at the foot of the Gloriette hill is the crowning monument of the Great Parterre. Other sculptures are distributed throughout the garden and palace forecourt, including fountains and pools. Several sculptors were employed during the execution of these works, among them Johann Baptist Hagenauer."
Vienna,194,ART ADVENT Christmas Market,ART ADVENT Christmas Market,"48.1992871761262, 16.37067089668617","Karlsplatz 13, 1040 Wien, Austria","Karlsplatz (subway, tram, bus)",Markets,,,"Karlsplatz is a town square on the border of the first and fourth districts of Vienna, Austria. It is one of the most frequented and best connected transportation hubs in Vienna. The Karlskirche is located here."
Vienna,195,Wiener Hofburgkapelle / Wiener Hofmusikkapelle,Wiener Hofburgkapelle / Wiener Hofmusikkapelle,"48.206750571603365, 16.365680725522093","Hofburg - Schweizerhof, 1010 Wien, Austria","Volkstheater (subway, tram, bus(",Church,,,"The Imperial Sword is one of the four most important parts of the Imperial Regalia (Reichskleinodien) of the Holy Roman Empire. During a coronation, it was given to the emperor along with the Imperial Crown (Reichskrone), Imperial Sceptre (Reichszepter), and the Imperial Orb (Reichsapfel). All four parts of the Imperial Regalia are displayed in the Imperial Treasury at the Hofburg Palace in Vienna, Austria. It is also known as Mauritiusschwert, or the sword of Saint Maurice."
Vienna,196,Vienna's English Theatre,Vienna's English Theatre,"48.20847487112759, 16.353052667799112","Josefsgasse 12, 1080 Wien, Austria","Rathaus (subway, bus)",Culture,,,"Vienna's English Theatre (VET) is the oldest foreign-language theatre in Vienna, Austria. Founded in 1963, the theatre occasionally offers works in French or Italian."
Vienna,197,Looshaus,Looshaus,"48.20838407114746, 16.36674319668672","Michaelerplatz 3, 1010 Wien, Austria","Herrengasse (subway), Michaelerplatz (bys)",Point of interest,,,"The Looshaus is a commercial and residential building at Michaelerplatz 3, between Herrengasse and Kohlmarkt, in Vienna. Designed by Adolf Loos and completed in 1912, it is considered a major building of Viennese Modernism."
Vienna,198,Stadtpalais Liechtenstein,Stadtpalais Liechtenstein,"48.20998232042776, 16.36263220833211","Bankgasse 9, 1010 Wien, Austria","Rathausplatz, Burgtheater (tram, bus)",Museums,,,"Stadtpalais Liechtenstein is a residential building at Bankgasse 9, in the first district of Vienna, Innere Stadt. The palace was built from 1692 to 1705 by the Italian architect Domenico Martinelli and the Swiss architect Gabriele Gabrieli."
Vienna,199,Classical Concerts in St Anne’s Church(Annakirche) in Vienna,Classical Concerts in St Anne’s Church(Annakirche) in Vienna,"48.204417770251425, 16.37194145435737","Annagasse 3B, 1010 Wien, Austria","Oper, Karlsplatz (tram, bus)",Culture,,,"St. Anne's Church is located in Vienna, Austria, and has been administered by the Oblates of St. Francis de Sales since 1906. A relic of Saint Anne—her right hand—is kept in a rich Baroque setting and exhibited every year on July 26."
Vienna,200,Marcy Vintage,Marcy Vintage,"48.19705992277851, 16.371317025521506","Gußhausstraße 23, 1040 Wien, Austria","Paulanergasse (tram, bus)",Shopping & Services,,,"The Karlskirche is a Baroque church in the Karlsplatz in Vienna, Austria. The church is dedicated to Saint Charles Borromeo, a leading figure of the Counter-Reformation. The church is located on the border of Wieden and the Innere Stadt, the city centre."
Vienna,201,Wiener Ensemble,Wiener Ensemble,"48.2082534711839, 16.374979996686683","Domgasse 5, 1010 Wien, Austria","Stephansplatz (subway, bus)",Culture,,,"The Mozarthaus Vienna was Mozart's residence from 1784 to 1787. The building is located in Vienna's Old Town, not far from St. Stephen's Cathedral, and is his only surviving Viennese residence. It is now a museum."
Vienna,202,KULT & KRAM,KULT & KRAM,"48.18773396559195, 16.330824196685437","Reindorfgasse 3, 1150 Wien, Austria",Grimmgasse (bus),Shopping & Services,,,"Caritas Austria is an Austrian social aid organisation of the Roman Catholic Church, founded in 1903. It consists of a national office and nine regional diocesan Caritas organisations, all of which are legally independent."
Vienna,203,Wien Museum Haydnhaus,Wien Museum Haydnhaus,"48.1943806750556, 16.34513392552131","Haydngasse 19, 1060 Wien, Austria","Westbahnhof (subway, tram, bus)",Historical Sites,,,"The Institute for Advanced Studies in Vienna, Austria is an independent research institute. It was founded in 1963 by Paul F. Lazarsfeld and Oskar Morgenstern, with the help of the Ford Foundation, the Austrian Federal Ministry of Education, and the City of Vienna. It specialises in social sciences. Its official journal, Empirical Economics, is published by Springer Science+Business Media."
Vienna,204,Vienna Crime Museum,Wiener Kriminalmuseum,"48.21826006553298, 16.37839123901636","1020 Vienna, Austria","Taborstraße (subway, tram, bus)",Museums,,,"The Vienna Crime Museum is a crime museum in Vienna, Austria."
Vienna,205,Schönbrunner Schloßstraße Orangerie Schönbrunn,Schönbrunner Schloßstraße Orangerie Schönbrunn,"48.185312149106736, 16.316970195072415","Schönbrunner Schloßstraße, 1130 Wien, Austria",Schloß Schönbrunn (tram),Parks & Nature,,,Schönbrunn is a station on U4 of the Vienna U-Bahn. It is located in the Hietzing District. It opened as part of the Wiener Stadtbahn in 1898 and became an U-Bahn station in 1981.
Vienna,206,Urania-Sternwarte,Urania-Sternwarte,"48.211546020757886, 16.384245239016","Uraniastraße 1, 1010 Wien, Austria","Julius Raab Platz (tram, bus)",Point of interest,,,"The Wien is a river that flows through the capital of Austria, Vienna."
Vienna,207,Kugelmugel,Kugelmugel,"48.21552097125214, 16.39608479668714","Antifaschismuspl. 1, 1020 Wien, Austria","Wien Praterstern (tram, bus)",Point of interest,,,"Kugelmugel, officially the Republic of Kugelmugel, is a spherical art object located in Vienna, Austria."
Vienna,208,Jazzland,Jazzland,"48.21221097125193, 16.37480466785146","Franz-Josefs-Kai 29, 1010 Wien, Austria","Schwedenplatz (subway, tram, bus)",Bars & Clubs,,,"On 2 November 2020, a series of shootings took place in Vienna, Austria a few hours before the city was scheduled to enter a lockdown as a result of the COVID-19 pandemic. A lone gunman started shooting in the busy city centre, killing four civilians and injuring 23 others, seven critically, including a police officer. The attacker was killed by police and was later identified as an ISIL sympathizer. Officials said that the attack was an incident of Islamist terrorism."
Vienna,209,Circus & Clownmuseum,Circus & Clownmuseum,"48.21937997443106, 16.405523939016405","Ilgpl. 7, 1020 Wien, Austria","Messe – Prater (subway, bus)",Museums,,,"Messe-Prater is a station on the U2 of the Vienna U-Bahn. It is located in Leopoldstadt, Vienna's 2nd district. The station opened in May 2008 as part of the second extension of the U2."
Vienna,210,Sans Souci Spa,Sans Souci Spa,"48.20461092172527, 16.356317867851015","Burggasse 2, 1070 Wien, Austria","Volkstheater (subway, bus)",SPA & Wellness,,,"The Volkstheater in Vienna was founded in 1889 by request of the citizens of Vienna, amongst them the dramatist Ludwig Anzengruber and the furniture manufacturer Thonet, in order to offer a popular counter weight to the Hofburgtheater. It was erected according to designs by Ferdinand Fellner and Hermann Helmer, who attempted to reconcile their plans with historicism. It is located in Neubau, the seventh district of Vienna."
Vienna,211,"Friedhof der Namenlosen, Vienna","Friedhof der Namenlosen, Vienna","48.15957018476665, 16.502466496683684","Alberner Hafenzufahrtsstraße, 1110 Wien, Austria",Alberner Hafen (bus),Church,,,"For a long time, it was not necessary to build a Harbour in Vienna, because the existing natural landing points were sufficient for the level of trade on the Danube. It was only when steamships began to arrive in great numbers that a harbour offering safe berths became essential. Even then however, goods were for the most part loaded and unloaded at an unenclosed river harbour that was established at the end of the 19th century."
Vienna,212,Viktor Frankl Museum Wien,Viktor Frankl Museum Wien,"48.215802571252325, 16.350759539016256","Mariannengasse 1/15, 1090 Wien, Austria","Lange Gasse (tram, bus)",Museums,,,"The Campus of the University of Vienna is one of the main sites of the University of Vienna, located in the Alsergrund district of Vienna, just over 500 metres northwest of the Main building. It occupies the former site of the Vienna General Hospital, a complex dating back to the late 17th century."
Vienna,213,Basilica Mary Faithful (Piarist church),Basilika Maria Treu (Piaristenkirche),"48.210608470526566, 16.349643219699704","Jodok-Fink-Platz, 1080 Wien, Austria","Lederergasse (tram, bus)",Church,,,"The Piarist Church, also known as the Church of Maria Treu, is a Baroque parish church of the Order of the Piarists in Vienna, Austria. It is located in Vienna's 8th district (Josefstadt). The Piaristenkirche was elevated to the rank of Basilica Minor in 1949."
Vienna,214,Classic Ensemble Vienna,Classic Ensemble Vienna,"48.20909762140448, 16.370123796686663","Peterspl. 1, 1010 Wien, Austria",Stephansplatz (subway),Culture,,,"The Plague Column, or Trinity Column, is a Holy Trinity column located on the Graben, a street in the inner city of Vienna, Austria. Erected after the Great Plague epidemic in 1679, the Baroque memorial is one of the best known and most prominent sculptural artworks in the city. Christine M. Boeckl, author of Images of Plague and Pestilence, calls it ""one of the most ambitious and innovative sculptural ensembles created anywhere in Europe in the post-Bernini era."""
Vienna,215,Das LOFT,Das LOFT,"48.212725421911415, 16.379795725522435","Praterstraße 1, 1020 Wien, Austria","Schwedenplatz (subway, tram, bus)",Cafes & Restaurants,,,"Schwedenplatz is a square in central Vienna, Austria."
Vienna,216,Irrgarten,Irrgarten,"48.18258751063427, 16.309673502394173","Rustenallee, 1130 Wien, Austria","Schloß Schönbrunn (tram, bus)",Parks & Nature,,,"The sculptures in the Schönbrunn Garden at Schönbrunn Palace in Vienna, Austria were created between 1773 and 1780 under the direction of Johann Wilhelm Beyer, a German artist and garden designer. The Great Parterre of Schönbrunn Garden is lined on both sides with 32 over life-size sculptures that represent mythological deities and virtues. The Neptune Fountain at the foot of the Gloriette hill is the crowning monument of the Great Parterre. Other sculptures are distributed throughout the garden and palace forecourt, including fountains and pools. Several sculptors were employed during the execution of these works, among them Johann Baptist Hagenauer."
Vienna,217,Kurpark Oberlaa,Kurpark Oberlaa,"48.14863678744662, 16.399702888188123","Laaer-Berg-Straße, 1100 Wien, Austria","Oberlaa (subway, bus)",Parks & Nature,,,"The Wiener Internationale Gartenschau 74, often shortened to WIG 74, was a garden festival held in Vienna, Austria. Recognised by the Bureau International des Expositions, the Expo was the second international horticultural exposition to be held in Vienna under the auspices of the AIPH. The plans for the Expo began to develop shortly after the closing of the Wiener Internationale Gartenschau 64 held a decade earlier. Following the success of the 1964 exposition, the council was urged to re-organize a horticultural exhibition. An area on the south side of town that had once served as a recording field for silent films was ideally suited to create a large park. In 1969, architect Erich Hanke won an international design competition. He then formed several working groups of landscape architects from various countries, who made different designs for parts of the site. The best designs were incorporated into the grounds. A monorail was built to transport the visitors, but was eventually scrapped due to lack of success."
Vienna,218,Silberkammer Kalksburg,Silberkammer Kalksburg,"48.13564487337246, 16.24385311017578","Promenadeweg 5, 1230 Wien, Austria",Kaiser Franz Josef Straße (tram),Museums,,,"Kalksburg College, also known as College of the Immaculate Virgin, is a Catholic private school according to public law in the 23rd district of Liesing in Vienna, Austria."
Vienna,219,Meiselmarkt Marktbereich,Meiselmarkt Marktbereich,"48.1981399740064, 16.319808139015134","Hütteldorfer Str. 81B, 1150 Wien, Austria","Johnstraße (tram, bus)",Markets,,,Johnstraße is a station on U3 of the Vienna U-Bahn. It is located in the Rudolfsheim-Fünfhaus District. It opened in 1994.
Vienna,220,Raimund Theater,Raimund Theater,"48.192098114592646, 16.33959646785023","Wallgasse 18-20, 1060 Wien, Austria","Gumpendorfer Straße (subway, tram, bus)",Culture,,,"The Raimund Theater is a theatre in the Mariahilf district of Vienna, Austria."
Vienna,221,Collection of Old Musical Instruments,Sammlung alter Musikinstrumente,"48.20505762084002, 16.36349406785104","Heldenplatz 1, 1010 Wien, Austria","Burgring (tram, bus)",Museums,,,"The Weltmuseum in Vienna is the largest anthropological museum in Austria, established in 1876. It is housed in a wing of the Hofburg Imperial Palace and holds a collection of more than 400,000 ethnographical and archaeological objects from Asia, Africa, Oceania, and America."
Vienna,222,Lower Belvedere,Unteres Belvedere,"48.19659067448026, 16.379861567760543","Rennweg 6A, 1030 Wien, Austria","Rennweg (tram, bus)",Point of interest,,,"The Palais Rothschild is a former palatial residence in Vienna, Austria. It was one of five Palais Rothschild in the city that were owned by members of the Rothschild banking family of Austria, a branch of the international Rothschild family. It is located at Metternichgasse 8 in Vienna's 3rd district, Landstraße. The building is also known as Palais Springer or Palais Springer-Rothschild, as it was owned by the Springer family before the Rothschild family."
Vienna,223,Alpengarten im Belvedere,Alpengarten Belvedere,"48.18913952388309, 16.382240239014532","Landstraße, 1030 Wien, Austria",Quartier Belvedere (tram),Parks & Nature,,,"The Palais Lanckoroński was a palace in Vienna, Austria, located at Jacquingasse 16-18, in the Landstraße District. It was constructed in 1894-95 for Count Karol Lanckoroński and his family as a personal residence, and it housed the count's enormous art collection. The palace was built in a neo-baroque style by the theatre architects Ferdinand Fellner and Hermann Helmer. The building was three stories high, set back from the street, and protected by a wall with double gates. The entrance hall was wood panelled, two stories high, and decorated with portraits of the family. Other festive halls were decorated with frescoes and luxurious gobelin tapestries from the 17th century. Precious paintings, furniture and sculpture from different eras were arranged to form themed ensembles in the various rooms, with the rooms named to reflect the collection housed within. The palace was severely damaged in World War II, and was torn down in the 1960s."
Vienna,224,Monument Against War and Fascism,Mahnmal gegen Krieg und Faschismus,"48.20458682077432, 16.368980767850932","Augustinerstraße 8, 1010 Wien, Austria","Oper, Karlsplatz (tram, bus)",Historical Sites,,,"The Albertina is a museum in the Innere Stadt of Vienna, Austria. It houses one of the largest and most important print rooms in the world with approximately 65,000 drawings and approximately 1 million old master prints, as well as more modern graphic works, photographs and architectural drawings. Apart from the graphics collection the museum has acquired, on permanent loan, two significant collections of Impressionist and early 20th-century art, some of which are on permanent display. The museum also houses temporary exhibitions. The museum had 1,037,347 visitors in 2025, down 3 percent from 2024, but up 4% from 2019, before the COVID-19 pandemic. It ranked 74th in the list of most-visited art museums in the world."
Vienna,225,Manner,Manner,"48.20915947304989, 16.373034001811522","Stephansplatz 7, 1010 Wien, Austria","Stephansplatz (subway, bus), ",Shopping & Services,,,"The Episcopal Palace in Vienna, Austria is the seat of the Archbishop of Vienna. It is located in the centre of the city next to St. Stephen's Cathedral."
Vienna,226,Hard Rock Cafe,Hard Rock Cafe,"48.21132452078873, 16.375492925522355","Rotenturmstraße 25, 1010 Wien, Austria","Schwedenplatz (subway, tram, bus)",Cafes & Restaurants,,,"The Stadttempel, also called the Seitenstettengasse Temple, is an Orthodox Jewish synagogue, located at Seitenstettengasse 4, in the Innere Stadt 1st district of Vienna, Austria. Completed in 1826, it is the main synagogue in Vienna. The congregation worships in the Ashkenazi rite."
Vienna,227,House of Austrian History,Haus der Geschichte Österreich,"48.20531567050217, 16.364893996686547","Neue Burg, Heldenplatz, 1010 Wien, Austria","Burgring (tram, bus)",Museums,,,"The Papyrus Collection of the Austrian National Library, also known as the Rainer Collection and Vienna Papyrus Collection, is a papyrus collection of the Austrian National Library at Hofburg palace in Vienna. It contains around 180,000 objects overall. It is one of the most significant collections in papyrology, containing writings documenting 3 millennia of the history of Egypt from 1500 BCE–1500 CE: Ancient Egypt, Hellenistic Egypt, Roman Egypt, and Egypt during Muslim rule. It includes a specialist library of around 19,500 books and journals as well. The Austrian National Library preserves and restores the stored papyri and facilitates scholarly research and publication based on these ancient documents."
Vienna,228,Weihnachtsmarkt am Hof,Weihnachtsmarkt am Hof,"48.210991882932284, 16.367704368984707","Am Hof, 1010 Wien, Austria","Herrengasse (subway), Teinfaltstraße (bus)",Markets,,,The Hofkriegsrat established in 1556 was the central military administrative authority of the Habsburg monarchy until 1848 and the predecessor of the Austro-Hungarian Ministry of War. The agency was directly subordinated to the Habsburg emperors with its seat in Vienna.
Vienna,229,Palais Ephrussi,Palais Ephrussi,"48.21339566974865, 16.36270752552243","Schottengasse, 1010 Wien, Austria","Schottentor (subway, tram, bus)",Point of interest,,,"Palais Ephrussi is a former Ringstraßenpalais in Vienna. It was built for the Ephrussi family of financiers by Theophil Freiherr von Hansen, the architect of the Austrian Parliament Building. It is on the Ringstrasse, specifically the Universitätsring, opposite the Votivkirche."
Vienna,230,Pallas-Athene-Brunnen,Pallas-Athene-Brunnen,"48.20798527125877, 16.359434867851206","Dr.-Karl-Renner-Ring, 1010 Wien, Austria","Ring/Volkstheater )tram, bus)",Historical Sites,,,"The Austrian Parliament is the bicameral federal legislature of Austria. It consists of two chambers – the National Council and the Federal Council. In specific cases, both houses convene as the Federal Assembly. The legislature meets in the Austrian Parliament Building in Vienna."
Vienna,231,Liesinger Fundgrube,Liesinger Fundgrube,"48.138085151853566, 16.28831907443822","Breitenfurter Str. 381, 1230 Wien, Austria",Pellmannbrücke (bus),Shopping & Services,,,"Liesing is the 23rd district of Vienna. It is on the southwest edge of Vienna, Austria."
